KCl,
2θ - °,Intensity - cps
10,6906.7
10.01,6560
10.02,6720
10.03,7146.7
10.04,7120
10.05,7320
10.06,7013.3
10.07,7426.7
10.08,6733.3
10.09,7093.3
10.1,6933.3
10.11,6706.7
10.12,7093.3
10.13,7040
10.14,6933.3
10.15,6786.7
10.16,7040
10.17,7373.3
10.18,6946.7
10.19,6773.3
10.2,6693.3
10.21,6293.3
10.22,6560
10.23,6813.3
10.24,6626.7
10.25,6746.7
10.26,6706.7
10.27,7040
10.28,6906.7
10.29,6813.3
10.3,6960
10.31,6640
10.32,6613.3
10.33,6413.3
10.34,7026.7
10.35,6760
10.36,6533.3
10.37,6546.7
10.38,6440
10.39,6866.7
10.4,7066.7
10.41,6920
10.42,7160
10.43,6760
10.44,6666.7
10.45,6746.7
10.46,6653.3
10.47,6786.7
10.48,6866.7
10.49,6906.7
10.5,6653.3
10.51,6706.7
10.52,6786.7
10.53,7146.7
10.54,7066.7
10.55,7173.3
10.56,6893.3
10.57,6653.3
10.58,7186.7
10.59,7160
10.6,6733.3
10.61,6600
10.62,6760
10.63,7146.7
10.64,6933.3
10.65,6920
10.66,7000
10.67,6986.7
10.68,6640
10.69,6573.3
10.7,6720
10.71,6840
10.72,6813.3
10.73,6906.7
10.74,6626.7
10.75,6520
10.76,7000
10.77,7040
10.78,7146.7
10.79,6893.3
10.8,6826.7
10.81,6440
10.82,6520
10.83,6933.3
10.84,7026.7
10.85,6946.7
10.86,6746.7
10.87,6813.3
10.88,6920
10.89,6880
10.9,6840
10.91,6733.3
10.92,6733.3
10.93,7066.7
10.94,7000
10.95,6333.3
10.96,6960
10.97,7053.3
10.98,6800
10.99,6466.7
11,6360
11.01,6600
11.02,6800
11.03,6706.7
11.04,6986.7
11.05,6920
11.06,6920
11.07,7186.7
11.08,7053.3
11.09,6666.7
11.1,6640
11.11,6933.3
11.12,6786.7
11.13,6413.3
11.14,6720
11.15,7040
11.16,7080
11.17,6853.3
11.18,7080
11.19,6533.3
11.2,6253.3
11.21,6720
11.22,6746.7
11.23,6560
11.24,6426.7
11.25,6666.7
11.26,6920
11.27,6466.7
11.28,6706.7
11.29,6693.3
11.3,6560
11.31,6680
11.32,6773.3
11.33,6960
11.34,6840
11.35,6706.7
11.36,7426.7
11.37,6506.7
11.38,6933.3
11.39,6893.3
11.4,7053.3
11.41,7213.3
11.42,7333.3
11.43,7080
11.44,7040
11.45,6786.7
11.46,6760
11.47,6840
11.48,6693.3
11.49,6893.3
11.5,6893.3
11.51,6986.7
11.52,7026.7
11.53,7226.7
11.54,7120
11.55,6613.3
11.56,6653.3
11.57,6773.3
11.58,6293.3
11.59,6773.3
11.6,6853.3
11.61,7266.7
11.62,7226.7
11.63,6693.3
11.64,6760
11.65,6346.7
11.66,6706.7
11.67,6626.7
11.68,6853.3
11.69,7106.7
11.7,7066.7
11.71,6720
11.72,6746.7
11.73,6693.3
11.74,6946.7
11.75,7066.7
11.76,6853.3
11.77,6933.3
11.78,7053.3
11.79,7186.7
11.8,7013.3
11.81,6626.7
11.82,6973.3
11.83,6960
11.84,6666.7
11.85,6680
11.86,6706.7
11.87,6880
11.88,6826.7
11.89,6906.7
11.9,6613.3
11.91,6613.3
11.92,6493.3
11.93,6800
11.94,7026.7
11.95,6440
11.96,6666.7
11.97,6893.3
11.98,6866.7
11.99,7040
12,7066.7
12.01,6746.7
12.02,6760
12.03,6680
12.04,6440
12.05,6800
12.06,6626.7
12.07,6840
12.08,6946.7
12.09,6533.3
12.1,6560
12.11,6960
12.12,7333.3
12.13,7186.7
12.14,7053.3
12.15,6720
12.16,6680
12.17,6920
12.18,6933.3
12.19,7053.3
12.2,7040
12.21,7093.3
12.22,6706.7
12.23,6840
12.24,6706.7
12.25,7013.3
12.26,7040
12.27,6493.3
12.28,6506.7
12.29,7040
12.3,7093.3
12.31,6720
12.32,6893.3
12.33,7066.7
12.34,7133.3
12.35,6640
12.36,6746.7
12.37,6880
12.38,6813.3
12.39,6986.7
12.4,7146.7
12.41,7040
12.42,6786.7
12.43,6720
12.44,6506.7
12.45,6840
12.46,6306.7
12.47,6706.7
12.48,6506.7
12.49,6306.7
12.5,6226.7
12.51,6520
12.52,6666.7
12.53,7013.3
12.54,6973.3
12.55,6733.3
12.56,6853.3
12.57,6720
12.58,6760
12.59,6733.3
12.6,6680
12.61,6520
12.62,6586.7
12.63,7173.3
12.64,6640
12.65,6826.7
12.66,6573.3
12.67,6480
12.68,6480
12.69,6653.3
12.7,6906.7
12.71,6773.3
12.72,6560
12.73,6760
12.74,6626.7
12.75,6973.3
12.76,6346.7
12.77,5840
12.78,6093.3
12.79,6800
12.8,6613.3
12.81,6266.7
12.82,6586.7
12.83,6746.7
12.84,6800
12.85,6546.7
12.86,6813.3
12.87,7200
12.88,6813.3
12.89,6613.3
12.9,6760
12.91,6413.3
12.92,6426.7
12.93,6626.7
12.94,6533.3
12.95,6440
12.96,6560
12.97,6866.7
12.98,6533.3
12.99,6493.3
13,7066.7
13.01,7160
13.02,7026.7
13.03,6546.7
13.04,6733.3
13.05,6506.7
13.06,6640
13.07,6653.3
13.08,7000
13.09,6680
13.1,6480
13.11,6693.3
13.12,6626.7
13.13,6640
13.14,7066.7
13.15,7080
13.16,6826.7
13.17,6400
13.18,6733.3
13.19,7133.3
13.2,7040
13.21,6613.3
13.22,6440
13.23,6280
13.24,6253.3
13.25,6760
13.26,6933.3
13.27,6186.7
13.28,6546.7
13.29,6720
13.3,6840
13.31,6786.7
13.32,6720
13.33,6586.7
13.34,6333.3
13.35,6346.7
13.36,6613.3
13.37,6773.3
13.38,6626.7
13.39,6760
13.4,6546.7
13.41,6466.7
13.42,6560
13.43,6680
13.44,6800
13.45,6933.3
13.46,6880
13.47,6586.7
13.48,6640
13.49,6613.3
13.5,6880
13.51,6920
13.52,6240
13.53,6680
13.54,6760
13.55,6600
13.56,6586.7
13.57,6960
13.58,7133.3
13.59,6720
13.6,6413.3
13.61,6533.3
13.62,6653.3
13.63,6733.3
13.64,6386.7
13.65,6026.7
13.66,6600
13.67,6693.3
13.68,6853.3
13.69,6826.7
13.7,6560
13.71,6533.3
13.72,6733.3
13.73,6720
13.74,6746.7
13.75,6533.3
13.76,6533.3
13.77,6346.7
13.78,7013.3
13.79,6906.7
13.8,7093.3
13.81,6866.7
13.82,6693.3
13.83,6826.7
13.84,6746.7
13.85,6426.7
13.86,6840
13.87,6640
13.88,6773.3
13.89,6866.7
13.9,6840
13.91,6573.3
13.92,6666.7
13.93,6720
13.94,6706.7
13.95,6973.3
13.96,6826.7
13.97,6893.3
13.98,6866.7
13.99,6666.7
14,7213.3
14.01,6733.3
14.02,6760
14.03,6706.7
14.04,7013.3
14.05,6760
14.06,6626.7
14.07,6746.7
14.08,6893.3
14.09,6960
14.1,7013.3
14.11,6826.7
14.12,6880
14.13,6866.7
14.14,6413.3
14.15,6506.7
14.16,6600
14.17,7146.7
14.18,7000
14.19,7320
14.2,6813.3
14.21,6520
14.22,6680
14.23,6386.7
14.24,6346.7
14.25,6520
14.26,6680
14.27,6666.7
14.28,6706.7
14.29,6680
14.3,6373.3
14.31,6573.3
14.32,6266.7
14.33,6640
14.34,6800
14.35,6973.3
14.36,7066.7
14.37,6946.7
14.38,7013.3
14.39,6200
14.4,6360
14.41,6680
14.42,6720
14.43,6306.7
14.44,6426.7
14.45,6466.7
14.46,6346.7
14.47,6400
14.48,6653.3
14.49,6760
14.5,6546.7
14.51,6853.3
14.52,6933.3
14.53,6986.7
14.54,6866.7
14.55,6746.7
14.56,6746.7
14.57,6893.3
14.58,7013.3
14.59,6506.7
14.6,6546.7
14.61,6746.7
14.62,7160
14.63,7040
14.64,6506.7
14.65,6466.7
14.66,6866.7
14.67,6466.7
14.68,6653.3
14.69,6840
14.7,6653.3
14.71,6640
14.72,7133.3
14.73,6920
14.74,6773.3
14.75,6533.3
14.76,6826.7
14.77,6773.3
14.78,6946.7
14.79,6866.7
14.8,7200
14.81,6973.3
14.82,7200
14.83,7000
14.84,6720
14.85,6680
14.86,6600
14.87,6706.7
14.88,6906.7
14.89,6826.7
14.9,7053.3
14.91,6893.3
14.92,6693.3
14.93,6813.3
14.94,6786.7
14.95,6480
14.96,6306.7
14.97,6440
14.98,6600
14.99,6173.3
15,6600
15.01,6826.7
15.02,6613.3
15.03,6786.7
15.04,6840
15.05,6413.3
15.06,6426.7
15.07,6506.7
15.08,6586.7
15.09,6666.7
15.1,6600
15.11,7013.3
15.12,6733.3
15.13,6573.3
15.14,6760
15.15,6346.7
15.16,6586.7
15.17,6666.7
15.18,6920
15.19,6653.3
15.2,6760
15.21,6733.3
15.22,6866.7
15.23,6693.3
15.24,7026.7
15.25,6840
15.26,6466.7
15.27,6440
15.28,6653.3
15.29,6920
15.3,6533.3
15.31,6546.7
15.32,7093.3
15.33,6773.3
15.34,6506.7
15.35,6626.7
15.36,6680
15.37,6426.7
15.38,6493.3
15.39,6880
15.4,6853.3
15.41,6586.7
15.42,6973.3
15.43,6706.7
15.44,6506.7
15.45,7066.7
15.46,6960
15.47,6613.3
15.48,6746.7
15.49,6493.3
15.5,6626.7
15.51,6560
15.52,6533.3
15.53,6746.7
15.54,6866.7
15.55,6893.3
15.56,6773.3
15.57,6560
15.58,6693.3
15.59,7080
15.6,7053.3
15.61,6733.3
15.62,6840
15.63,6493.3
15.64,6773.3
15.65,6546.7
15.66,6613.3
15.67,6360
15.68,6733.3
15.69,6426.7
15.7,6453.3
15.71,6880
15.72,6906.7
15.73,6866.7
15.74,6746.7
15.75,6746.7
15.76,6720
15.77,6640
15.78,6733.3
15.79,6946.7
15.8,6826.7
15.81,6186.7
15.82,6546.7
15.83,6480
15.84,6986.7
15.85,6986.7
15.86,6853.3
15.87,6613.3
15.88,6986.7
15.89,6706.7
15.9,6653.3
15.91,6586.7
15.92,6813.3
15.93,6626.7
15.94,6200
15.95,6306.7
15.96,6546.7
15.97,6520
15.98,6746.7
15.99,6706.7
16,7013.3
16.01,7040
16.02,6653.3
16.03,6986.7
16.04,6786.7
16.05,6986.7
16.06,6760
16.07,6826.7
16.08,6640
16.09,6493.3
16.1,6480
16.11,6413.3
16.12,6880
16.13,7066.7
16.14,6680
16.15,6560
16.16,6680
16.17,6786.7
16.18,6866.7
16.19,6706.7
16.2,6946.7
16.21,6480
16.22,6413.3
16.23,6466.7
16.24,6680
16.25,6760
16.26,6706.7
16.27,6280
16.28,6200
16.29,6826.7
16.3,7013.3
16.31,7040
16.32,7186.7
16.33,6626.7
16.34,6466.7
16.35,6666.7
16.36,6733.3
16.37,6546.7
16.38,6613.3
16.39,6666.7
16.4,6906.7
16.41,6866.7
16.42,6546.7
16.43,6706.7
16.44,6720
16.45,6480
16.46,6026.7
16.47,6413.3
16.48,6373.3
16.49,6920
16.5,6320
16.51,6546.7
16.52,7093.3
16.53,6520
16.54,6586.7
16.55,6426.7
16.56,6226.7
16.57,6493.3
16.58,6720
16.59,6880
16.6,6720
16.61,6853.3
16.62,6773.3
16.63,7040
16.64,6680
16.65,6413.3
16.66,6573.3
16.67,6266.7
16.68,6346.7
16.69,6440
16.7,6293.3
16.71,6253.3
16.72,6813.3
16.73,7106.7
16.74,6920
16.75,6813.3
16.76,6693.3
16.77,6266.7
16.78,6306.7
16.79,6506.7
16.8,6480
16.81,6373.3
16.82,6546.7
16.83,6906.7
16.84,6600
16.85,6826.7
16.86,6386.7
16.87,6346.7
16.88,6453.3
16.89,6226.7
16.9,6333.3
16.91,6640
16.92,7306.7
16.93,6506.7
16.94,6266.7
16.95,6586.7
16.96,6600
16.97,6546.7
16.98,6346.7
16.99,6586.7
17,6666.7
17.01,6546.7
17.02,6746.7
17.03,6733.3
17.04,6466.7
17.05,6760
17.06,6680
17.07,6226.7
17.08,6200
17.09,6520
17.1,6693.3
17.11,6626.7
17.12,7026.7
17.13,6560
17.14,6880
17.15,6520
17.16,6173.3
17.17,6146.7
17.18,6520
17.19,6546.7
17.2,6613.3
17.21,6533.3
17.22,6200
17.23,6200
17.24,6586.7
17.25,6560
17.26,6546.7
17.27,6506.7
17.28,6586.7
17.29,6213.3
17.3,6493.3
17.31,6280
17.32,6306.7
17.33,6453.3
17.34,6453.3
17.35,6146.7
17.36,6360
17.37,6640
17.38,6640
17.39,6466.7
17.4,6413.3
17.41,6560
17.42,6613.3
17.43,6893.3
17.44,6786.7
17.45,6320
17.46,6520
17.47,6733.3
17.48,6546.7
17.49,6466.7
17.5,6680
17.51,6533.3
17.52,6306.7
17.53,6560
17.54,6600
17.55,6680
17.56,6386.7
17.57,6253.3
17.58,6693.3
17.59,6693.3
17.6,6493.3
17.61,6653.3
17.62,6506.7
17.63,6000
17.64,6453.3
17.65,6520
17.66,6653.3
17.67,6760
17.68,6600
17.69,6413.3
17.7,6773.3
17.71,6693.3
17.72,6866.7
17.73,6693.3
17.74,6453.3
17.75,6346.7
17.76,6786.7
17.77,6666.7
17.78,6466.7
17.79,6693.3
17.8,6546.7
17.81,6413.3
17.82,6480
17.83,6240
17.84,6266.7
17.85,6453.3
17.86,6480
17.87,6573.3
17.88,6626.7
17.89,6280
17.9,6080
17.91,6653.3
17.92,6640
17.93,6453.3
17.94,6426.7
17.95,6133.3
17.96,6733.3
17.97,6613.3
17.98,6813.3
17.99,6333.3
18,6640
18.01,6813.3
18.02,6360
18.03,6306.7
18.04,6280
18.05,6120
18.06,6120
18.07,6293.3
18.08,6586.7
18.09,6373.3
18.1,6066.7
18.11,6213.3
18.12,6360
18.13,5973.3
18.14,6093.3
18.15,6786.7
18.16,6680
18.17,6706.7
18.18,6120
18.19,5760
18.2,6040
18.21,6413.3
18.22,6773.3
18.23,6560
18.24,6506.7
18.25,6373.3
18.26,6066.7
18.27,6333.3
18.28,6413.3
18.29,6533.3
18.3,6866.7
18.31,6760
18.32,6333.3
18.33,6640
18.34,6653.3
18.35,6453.3
18.36,6480
18.37,6186.7
18.38,6480
18.39,6400
18.4,6293.3
18.41,6440
18.42,6560
18.43,6546.7
18.44,6440
18.45,6680
18.46,6813.3
18.47,6533.3
18.48,6586.7
18.49,6600
18.5,6800
18.51,6640
18.52,6373.3
18.53,6480
18.54,6560
18.55,6773.3
18.56,6800
18.57,6786.7
18.58,6506.7
18.59,6586.7
18.6,6173.3
18.61,6746.7
18.62,6786.7
18.63,6520
18.64,6106.7
18.65,6266.7
18.66,6560
18.67,6720
18.68,6413.3
18.69,6333.3
18.7,6173.3
18.71,6333.3
18.72,6573.3
18.73,6400
18.74,6426.7
18.75,6360
18.76,6733.3
18.77,6453.3
18.78,6293.3
18.79,6920
18.8,6573.3
18.81,6333.3
18.82,6613.3
18.83,6280
18.84,5906.7
18.85,6120
18.86,6653.3
18.87,6493.3
18.88,6133.3
18.89,6133.3
18.9,6040
18.91,6026.7
18.92,6120
18.93,6266.7
18.94,6266.7
18.95,6560
18.96,6733.3
18.97,6386.7
18.98,6426.7
18.99,5973.3
19,5920
19.01,6240
19.02,6346.7
19.03,6026.7
19.04,6173.3
19.05,6373.3
19.06,6600
19.07,6693.3
19.08,6400
19.09,6293.3
19.1,6200
19.11,6000
19.12,6293.3
19.13,6373.3
19.14,6266.7
19.15,6200
19.16,6493.3
19.17,6386.7
19.18,6333.3
19.19,6066.7
19.2,6693.3
19.21,6586.7
19.22,6666.7
19.23,6266.7
19.24,6813.3
19.25,6253.3
19.26,6200
19.27,5906.7
19.28,6080
19.29,6400
19.3,6586.7
19.31,6346.7
19.32,6026.7
19.33,5866.7
19.34,6186.7
19.35,6346.7
19.36,6560
19.37,6266.7
19.38,6386.7
19.39,6213.3
19.4,5933.3
19.41,5906.7
19.42,6640
19.43,6306.7
19.44,6573.3
19.45,6480
19.46,6613.3
19.47,6720
19.48,6786.7
19.49,6413.3
19.5,6373.3
19.51,6093.3
19.52,6120
19.53,6493.3
19.54,6053.3
19.55,5746.7
19.56,5786.7
19.57,6226.7
19.58,6493.3
19.59,6466.7
19.6,6613.3
19.61,6386.7
19.62,6000
19.63,6720
19.64,6706.7
19.65,6320
19.66,6000
19.67,6080
19.68,6306.7
19.69,6373.3
19.7,6040
19.71,6106.7
19.72,6253.3
19.73,6226.7
19.74,6373.3
19.75,6200
19.76,6000
19.77,6093.3
19.78,6080
19.79,5960
19.8,6520
19.81,6373.3
19.82,6133.3
19.83,6080
19.84,6173.3
19.85,6173.3
19.86,6480
19.87,6266.7
19.88,6013.3
19.89,6186.7
19.9,6226.7
19.91,6266.7
19.92,5946.7
19.93,6200
19.94,6320
19.95,6173.3
19.96,6466.7
19.97,6306.7
19.98,6053.3
19.99,6040
20,6240
20.01,6373.3
20.02,6106.7
20.03,6266.7
20.04,6360
20.05,6453.3
20.06,6360
20.07,6026.7
20.08,6146.7
20.09,6053.3
20.1,5706.7
20.11,5786.7
20.12,6040
20.13,6426.7
20.14,6466.7
20.15,6360
20.16,6173.3
20.17,5866.7
20.18,6066.7
20.19,6253.3
20.2,6426.7
20.21,6186.7
20.22,5973.3
20.23,6120
20.24,5933.3
20.25,6213.3
20.26,6080
20.27,6093.3
20.28,6026.7
20.29,6320
20.3,6293.3
20.31,6200
20.32,6266.7
20.33,6200
20.34,6480
20.35,6373.3
20.36,6480
20.37,6560
20.38,6080
20.39,6013.3
20.4,6213.3
20.41,6120
20.42,5986.7
20.43,5813.3
20.44,6200
20.45,6253.3
20.46,6240
20.47,5973.3
20.48,5813.3
20.49,5893.3
20.5,6120
20.51,6133.3
20.52,6186.7
20.53,6333.3
20.54,6173.3
20.55,6026.7
20.56,6093.3
20.57,6320
20.58,6613.3
20.59,6426.7
20.6,6306.7
20.61,6173.3
20.62,5933.3
20.63,6293.3
20.64,6360
20.65,6000
20.66,5893.3
20.67,6133.3
20.68,6026.7
20.69,6066.7
20.7,5813.3
20.71,6040
20.72,6200
20.73,6200
20.74,5880
20.75,6306.7
20.76,5986.7
20.77,6040
20.78,6533.3
20.79,6426.7
20.8,6000
20.81,5653.3
20.82,5560
20.83,5693.3
20.84,6026.7
20.85,6160
20.86,6240
20.87,6266.7
20.88,6293.3
20.89,6106.7
20.9,6146.7
20.91,5840
20.92,6146.7
20.93,6000
20.94,6040
20.95,5906.7
20.96,5613.3
20.97,5746.7
20.98,6146.7
20.99,6373.3
21,6320
21.01,6400
21.02,6133.3
21.03,5933.3
21.04,6226.7
21.05,6386.7
21.06,6000
21.07,5893.3
21.08,5893.3
21.09,6066.7
21.1,5866.7
21.11,6160
21.12,6466.7
21.13,6293.3
21.14,5986.7
21.15,6266.7
21.16,6160
21.17,6426.7
21.18,5986.7
21.19,5826.7
21.2,5760
21.21,5986.7
21.22,5853.3
21.23,5786.7
21.24,6280
21.25,5920
21.26,5786.7
21.27,6053.3
21.28,6293.3
21.29,6346.7
21.3,5946.7
21.31,6093.3
21.32,6040
21.33,5680
21.34,6266.7
21.35,5986.7
21.36,6200
21.37,6013.3
21.38,6093.3
21.39,6146.7
21.4,5920
21.41,5840
21.42,6066.7
21.43,6026.7
21.44,6160
21.45,6026.7
21.46,5986.7
21.47,5733.3
21.48,5920
21.49,6053.3
21.5,6040
21.51,6453.3
21.52,6373.3
21.53,6213.3
21.54,6066.7
21.55,6133.3
21.56,6226.7
21.57,5666.7
21.58,5960
21.59,6306.7
21.6,6146.7
21.61,5906.7
21.62,5960
21.63,6213.3
21.64,6106.7
21.65,6066.7
21.66,6026.7
21.67,6066.7
21.68,5920
21.69,5960
21.7,5973.3
21.71,5813.3
21.72,6000
21.73,5826.7
21.74,5853.3
21.75,5840
21.76,5866.7
21.77,5853.3
21.78,6160
21.79,5933.3
21.8,6026.7
21.81,6173.3
21.82,5800
21.83,5680
21.84,5893.3
21.85,5600
21.86,5853.3
21.87,5853.3
21.88,5880
21.89,6160
21.9,6053.3
21.91,5906.7
21.92,6053.3
21.93,5920
21.94,5933.3
21.95,6040
21.96,6160
21.97,5640
21.98,5693.3
21.99,5573.3
22,5920
22.01,6040
22.02,6266.7
22.03,5973.3
22.04,5880
22.05,5933.3
22.06,6133.3
22.07,6226.7
22.08,6040
22.09,5986.7
22.1,5813.3
22.11,6106.7
22.12,6226.7
22.13,5573.3
22.14,5813.3
22.15,6133.3
22.16,5786.7
22.17,5880
22.18,6093.3
22.19,5960
22.2,5986.7
22.21,5706.7
22.22,5826.7
22.23,5733.3
22.24,5853.3
22.25,6186.7
22.26,5960
22.27,5893.3
22.28,5733.3
22.29,5520
22.3,5920
22.31,5986.7
22.32,6280
22.33,6040
22.34,5773.3
22.35,6066.7
22.36,6000
22.37,5880
22.38,5960
22.39,5826.7
22.4,5493.3
22.41,5733.3
22.42,5906.7
22.43,6080
22.44,5746.7
22.45,5733.3
22.46,5880
22.47,6026.7
22.48,5840
22.49,5773.3
22.5,5840
22.51,5800
22.52,5813.3
22.53,5706.7
22.54,5666.7
22.55,5733.3
22.56,5493.3
22.57,5426.7
22.58,5840
22.59,5866.7
22.6,5733.3
22.61,5573.3
22.62,5666.7
22.63,5920
22.64,5826.7
22.65,5706.7
22.66,5840
22.67,6333.3
22.68,6080
22.69,5853.3
22.7,5893.3
22.71,5920
22.72,5720
22.73,5760
22.74,5693.3
22.75,5253.3
22.76,5493.3
22.77,5693.3
22.78,5880
22.79,5480
22.8,5640
22.81,6240
22.82,6213.3
22.83,5933.3
22.84,6040
22.85,6053.3
22.86,6026.7
22.87,5746.7
22.88,5480
22.89,5826.7
22.9,6106.7
22.91,5586.7
22.92,5600
22.93,5866.7
22.94,5440
22.95,5720
22.96,6146.7
22.97,6106.7
22.98,5613.3
22.99,5893.3
23,5546.7
23.01,5480
23.02,6026.7
23.03,5306.7
23.04,5693.3
23.05,5880
23.06,5786.7
23.07,5680
23.08,5626.7
23.09,5653.3
23.1,5426.7
23.11,5253.3
23.12,5746.7
23.13,5960
23.14,5826.7
23.15,5666.7
23.16,5720
23.17,5520
23.18,5573.3
23.19,5786.7
23.2,5746.7
23.21,5813.3
23.22,5626.7
23.23,5546.7
23.24,5813.3
23.25,5266.7
23.26,5266.7
23.27,5466.7
23.28,5586.7
23.29,5866.7
23.3,5733.3
23.31,5653.3
23.32,5626.7
23.33,5640
23.34,5853.3
23.35,5613.3
23.36,5613.3
23.37,5426.7
23.38,5560
23.39,5680
23.4,5533.3
23.41,5266.7
23.42,5546.7
23.43,5866.7
23.44,5520
23.45,5293.3
23.46,5760
23.47,5773.3
23.48,5333.3
23.49,5840
23.5,5866.7
23.51,5813.3
23.52,5680
23.53,5746.7
23.54,5866.7
23.55,5826.7
23.56,5573.3
23.57,5466.7
23.58,5466.7
23.59,5613.3
23.6,5546.7
23.61,5186.7
23.62,5506.7
23.63,5800
23.64,5520
23.65,5546.7
23.66,5120
23.67,5266.7
23.68,5586.7
23.69,5040
23.7,5520
23.71,5520
23.72,5333.3
23.73,5146.7
23.74,5120
23.75,5413.3
23.76,5533.3
23.77,5253.3
23.78,5346.7
23.79,5600
23.8,5653.3
23.81,5440
23.82,5480
23.83,5493.3
23.84,5426.7
23.85,5506.7
23.86,5466.7
23.87,5200
23.88,5266.7
23.89,5573.3
23.9,5493.3
23.91,5400
23.92,5346.7
23.93,5306.7
23.94,5320
23.95,5400
23.96,5520
23.97,5413.3
23.98,5640
23.99,5733.3
24,5240
24.01,5560
24.02,5826.7
24.03,5493.3
24.04,5040
24.05,5253.3
24.06,5480
24.07,5413.3
24.08,5453.3
24.09,5266.7
24.1,5546.7
24.11,5240
24.12,5133.3
24.13,4933.3
24.14,5373.3
24.15,5613.3
24.16,5626.7
24.17,4986.7
24.18,4973.3
24.19,5226.7
24.2,5146.7
24.21,5280
24.22,5440
24.23,5400
24.24,5680
24.25,5706.7
24.26,5426.7
24.27,5320
24.28,5186.7
24.29,5093.3
24.3,5306.7
24.31,5426.7
24.32,5280
24.33,5306.7
24.34,5173.3
24.35,5013.3
24.36,4906.7
24.37,4986.7
24.38,5413.3
24.39,5386.7
24.4,5413.3
24.41,5333.3
24.42,5346.7
24.43,5493.3
24.44,5413.3
24.45,4826.7
24.46,4760
24.47,5333.3
24.48,5520
24.49,5266.7
24.5,5306.7
24.51,5400
24.52,5560
24.53,5600
24.54,4960
24.55,5026.7
24.56,5400
24.57,5466.7
24.58,5306.7
24.59,5013.3
24.6,4906.7
24.61,5066.7
24.62,5320
24.63,5533.3
24.64,5293.3
24.65,5053.3
24.66,5093.3
24.67,5520
24.68,5600
24.69,5306.7
24.7,5280
24.71,5293.3
24.72,5146.7
24.73,5506.7
24.74,5666.7
24.75,4960
24.76,5466.7
24.77,5666.7
24.78,5040
24.79,5133.3
24.8,5133.3
24.81,5053.3
24.82,5000
24.83,5040
24.84,4773.3
24.85,4960
24.86,5186.7
24.87,5546.7
24.88,5253.3
24.89,5080
24.9,5173.3
24.91,5053.3
24.92,5400
24.93,5066.7
24.94,4866.7
24.95,4826.7
24.96,4866.7
24.97,4960
24.98,5266.7
24.99,5373.3
25,5306.7
25.01,5333.3
25.02,5053.3
25.03,5026.7
25.04,5186.7
25.05,4973.3
25.06,4880
25.07,4733.3
25.08,4906.7
25.09,5186.7
25.1,5493.3
25.11,5493.3
25.12,5466.7
25.13,5320
25.14,5080
25.15,5080
25.16,4653.3
25.17,4906.7
25.18,4853.3
25.19,5000
25.2,4946.7
25.21,5146.7
25.22,5280
25.23,5080
25.24,5080
25.25,5266.7
25.26,5120
25.27,4920
25.28,4853.3
25.29,5000
25.3,5040
25.31,4986.7
25.32,5040
25.33,4773.3
25.34,4906.7
25.35,4800
25.36,4733.3
25.37,5013.3
25.38,4866.7
25.39,5160
25.4,5186.7
25.41,5026.7
25.42,5000
25.43,4973.3
25.44,5000
25.45,5200
25.46,5093.3
25.47,4920
25.48,4853.3
25.49,4973.3
25.5,4720
25.51,4906.7
25.52,5333.3
25.53,5226.7
25.54,4826.7
25.55,4800
25.56,4986.7
25.57,4853.3
25.58,4826.7
25.59,4666.7
25.6,5080
25.61,5106.7
25.62,4840
25.63,5213.3
25.64,5013.3
25.65,4893.3
25.66,4813.3
25.67,4893.3
25.68,4973.3
25.69,4933.3
25.7,4746.7
25.71,4733.3
25.72,4746.7
25.73,4786.7
25.74,4786.7
25.75,5000
25.76,4986.7
25.77,4813.3
25.78,4666.7
25.79,4960
25.8,4586.7
25.81,4733.3
25.82,4973.3
25.83,5013.3
25.84,5013.3
25.85,4866.7
25.86,4546.7
25.87,4866.7
25.88,5120
25.89,4960
25.9,4786.7
25.91,4733.3
25.92,4733.3
25.93,4666.7
25.94,4840
25.95,4733.3
25.96,4706.7
25.97,4880
25.98,4653.3
25.99,4560
26,4613.3
26.01,4746.7
26.02,4760
26.03,4840
26.04,4613.3
26.05,4693.3
26.06,5013.3
26.07,4813.3
26.08,4800
26.09,4800
26.1,4640
26.11,4693.3
26.12,4946.7
26.13,4640
26.14,4853.3
26.15,4706.7
26.16,4413.3
26.17,4573.3
26.18,4653.3
26.19,4640
26.2,4786.7
26.21,4920
26.22,4586.7
26.23,4413.3
26.24,5013.3
26.25,5120
26.26,4893.3
26.27,4866.7
26.28,4786.7
26.29,4546.7
26.3,4706.7
26.31,4746.7
26.32,4613.3
26.33,4786.7
26.34,4786.7
26.35,4760
26.36,4786.7
26.37,4600
26.38,4586.7
26.39,4426.7
26.4,4453.3
26.41,4906.7
26.42,4760
26.43,4480
26.44,4640
26.45,4720
26.46,4493.3
26.47,4426.7
26.48,4666.7
26.49,4786.7
26.5,4933.3
26.51,4960
26.52,4760
26.53,4720
26.54,4813.3
26.55,4880
26.56,4773.3
26.57,4733.3
26.58,4826.7
26.59,4626.7
26.6,4933.3
26.61,4986.7
26.62,4586.7
26.63,4573.3
26.64,5053.3
26.65,5146.7
26.66,4853.3
26.67,4613.3
26.68,4586.7
26.69,4773.3
26.7,4680
26.71,4293.3
26.72,4533.3
26.73,5040
26.74,4720
26.75,4386.7
26.76,4600
26.77,4720
26.78,4413.3
26.79,4666.7
26.8,4546.7
26.81,4666.7
26.82,4400
26.83,4560
26.84,4573.3
26.85,4253.3
26.86,4386.7
26.87,4906.7
26.88,4613.3
26.89,4720
26.9,4253.3
26.91,4266.7
26.92,4400
26.93,4906.7
26.94,4786.7
26.95,4453.3
26.96,4600
26.97,4800
26.98,4893.3
26.99,4760
27,4826.7
27.01,4680
27.02,4453.3
27.03,4173.3
27.04,4280
27.05,4240
27.06,4613.3
27.07,4853.3
27.08,5000
27.09,4746.7
27.1,4746.7
27.11,4693.3
27.12,4733.3
27.13,4586.7
27.14,4626.7
27.15,4706.7
27.16,4280
27.17,4053.3
27.18,4493.3
27.19,4613.3
27.2,4653.3
27.21,4520
27.22,4640
27.23,4373.3
27.24,4506.7
27.25,4346.7
27.26,4626.7
27.27,4573.3
27.28,4360
27.29,4373.3
27.3,4706.7
27.31,4733.3
27.32,4426.7
27.33,4453.3
27.34,4386.7
27.35,4253.3
27.36,4666.7
27.37,4773.3
27.38,4600
27.39,4253.3
27.4,4173.3
27.41,4506.7
27.42,4773.3
27.43,4800
27.44,4693.3
27.45,4853.3
27.46,4480
27.47,4600
27.48,4426.7
27.49,4453.3
27.5,4720
27.51,4773.3
27.52,4626.7
27.53,4600
27.54,4866.7
27.55,4573.3
27.56,4733.3
27.57,4666.7
27.58,4506.7
27.59,4733.3
27.6,4720
27.61,4666.7
27.62,5000
27.63,4986.7
27.64,4720
27.65,4693.3
27.66,4440
27.67,4600
27.68,5160
27.69,4920
27.7,4733.3
27.71,4546.7
27.72,4826.7
27.73,4706.7
27.74,4373.3
27.75,4893.3
27.76,4893.3
27.77,4706.7
27.78,4626.7
27.79,4600
27.8,4733.3
27.81,5000
27.82,4866.7
27.83,4880
27.84,4773.3
27.85,4520
27.86,4733.3
27.87,4773.3
27.88,4613.3
27.89,4906.7
27.9,4773.3
27.91,4760
27.92,4853.3
27.93,4906.7
27.94,5213.3
27.95,5026.7
27.96,4666.7
27.97,4720
27.98,4906.7
27.99,5253.3
28,4773.3
28.01,4520
28.02,4946.7
28.03,5160
28.04,5240
28.05,5160
28.06,4773.3
28.07,4693.3
28.08,5133.3
28.09,5186.7
28.1,5186.7
28.11,4800
28.12,4933.3
28.13,5280
28.14,5146.7
28.15,5306.7
28.16,5920
28.17,6026.7
28.18,6000
28.19,5946.7
28.2,5986.7
28.21,6266.7
28.22,6480
28.23,6906.7
28.24,7240
28.25,7346.7
28.26,7786.7
28.27,8173.3
28.28,8493.3
28.29,9866.7
28.3,10547
28.31,11600
28.32,12720
28.33,14813
28.34,16053
28.35,18133
28.36,19067
28.37,22053
28.38,24480
28.39,25440
28.4,27280
28.41,28813
28.42,30307
28.43,33133
28.44,35213
28.45,37013
28.46,40213
28.47,42587
28.48,44453
28.49,45573
28.5,46480
28.51,45827
28.52,45960
28.53,45440
28.54,43107
28.55,40773
28.56,38027
28.57,35373
28.58,34493
28.59,31293
28.6,28387
28.61,25507
28.62,22373
28.63,19813
28.64,17733
28.65,15987
28.66,14600
28.67,12827
28.68,10947
28.69,9733.3
28.7,8946.7
28.71,8400
28.72,7746.7
28.73,6906.7
28.74,6773.3
28.75,6653.3
28.76,6133.3
28.77,5546.7
28.78,5280
28.79,4986.7
28.8,5200
28.81,4986.7
28.82,5040
28.83,5026.7
28.84,5213.3
28.85,5120
28.86,5253.3
28.87,5053.3
28.88,5013.3
28.89,4946.7
28.9,4720
28.91,4693.3
28.92,5106.7
28.93,5093.3
28.94,4773.3
28.95,4400
28.96,4680
28.97,4573.3
28.98,4706.7
28.99,4653.3
29,4893.3
29.01,4640
29.02,4400
29.03,4666.7
29.04,4720
29.05,4640
29.06,4533.3
29.07,4520
29.08,4240
29.09,4306.7
29.1,4240
29.11,4106.7
29.12,4280
29.13,4453.3
29.14,4413.3
29.15,4253.3
29.16,4200
29.17,4506.7
29.18,4866.7
29.19,4626.7
29.2,4640
29.21,4386.7
29.22,4480
29.23,4760
29.24,4466.7
29.25,4480
29.26,4440
29.27,4520
29.28,4426.7
29.29,4320
29.3,4373.3
29.31,4440
29.32,4093.3
29.33,4480
29.34,4120
29.35,4266.7
29.36,4440
29.37,4346.7
29.38,4306.7
29.39,4506.7
29.4,4666.7
29.41,4466.7
29.42,4320
29.43,4426.7
29.44,4293.3
29.45,4253.3
29.46,4466.7
29.47,4226.7
29.48,4013.3
29.49,4093.3
29.5,3706.7
29.51,3760
29.52,4040
29.53,4040
29.54,4346.7
29.55,4200
29.56,4120
29.57,4533.3
29.58,4533.3
29.59,4546.7
29.6,4413.3
29.61,4426.7
29.62,4360
29.63,4480
29.64,4360
29.65,4386.7
29.66,4266.7
29.67,3986.7
29.68,4053.3
29.69,4200
29.7,4213.3
29.71,4360
29.72,4573.3
29.73,4426.7
29.74,4186.7
29.75,4133.3
29.76,4253.3
29.77,4266.7
29.78,4146.7
29.79,3920
29.8,4426.7
29.81,4080
29.82,4533.3
29.83,4653.3
29.84,3906.7
29.85,4146.7
29.86,4173.3
29.87,3893.3
29.88,4013.3
29.89,4120
29.9,4293.3
29.91,4453.3
29.92,4333.3
29.93,4200
29.94,3866.7
29.95,3826.7
29.96,4373.3
29.97,4226.7
29.98,4200
29.99,4106.7
30,3960
30.01,4000
30.02,4360
30.03,4026.7
30.04,3933.3
30.05,4440
30.06,4053.3
30.07,4173.3
30.08,4346.7
30.09,4133.3
30.1,4173.3
30.11,3893.3
30.12,3733.3
30.13,3960
30.14,4053.3
30.15,4053.3
30.16,3973.3
30.17,3946.7
30.18,4240
30.19,4133.3
30.2,4053.3
30.21,4186.7
30.22,4080
30.23,4053.3
30.24,4026.7
30.25,4106.7
30.26,4280
30.27,4186.7
30.28,4200
30.29,4146.7
30.3,4293.3
30.31,4093.3
30.32,3786.7
30.33,3826.7
30.34,4013.3
30.35,4120
30.36,4080
30.37,4226.7
30.38,4080
30.39,4066.7
30.4,4053.3
30.41,3986.7
30.42,3826.7
30.43,3893.3
30.44,4053.3
30.45,4266.7
30.46,4000
30.47,4093.3
30.48,4133.3
30.49,4160
30.5,4226.7
30.51,4066.7
30.52,3840
30.53,3880
30.54,4253.3
30.55,4146.7
30.56,3973.3
30.57,4093.3
30.58,4186.7
30.59,3946.7
30.6,4013.3
30.61,3986.7
30.62,3960
30.63,3973.3
30.64,3986.7
30.65,4080
30.66,4173.3
30.67,4080
30.68,4000
30.69,4053.3
30.7,4200
30.71,3973.3
30.72,4040
30.73,3973.3
30.74,3946.7
30.75,4093.3
30.76,3920
30.77,3693.3
30.78,4080
30.79,4266.7
30.8,4120
30.81,4240
30.82,4333.3
30.83,4213.3
30.84,4106.7
30.85,4120
30.86,3933.3
30.87,3893.3
30.88,3760
30.89,3800
30.9,3773.3
30.91,3800
30.92,4080
30.93,3880
30.94,3813.3
30.95,3893.3
30.96,3760
30.97,3893.3
30.98,3986.7
30.99,3946.7
31,3840
31.01,3946.7
31.02,4133.3
31.03,4013.3
31.04,4293.3
31.05,4013.3
31.06,3773.3
31.07,3920
31.08,3786.7
31.09,4000
31.1,3866.7
31.11,4173.3
31.12,4013.3
31.13,3813.3
31.14,3720
31.15,3840
31.16,3733.3
31.17,3813.3
31.18,3853.3
31.19,3853.3
31.2,3746.7
31.21,3840
31.22,4000
31.23,3973.3
31.24,3613.3
31.25,3693.3
31.26,3813.3
31.27,3826.7
31.28,4013.3
31.29,3800
31.3,3800
31.31,3640
31.32,3853.3
31.33,3973.3
31.34,4040
31.35,3973.3
31.36,3853.3
31.37,3866.7
31.38,4053.3
31.39,3986.7
31.4,3946.7
31.41,4160
31.42,3920
31.43,3933.3
31.44,4026.7
31.45,3693.3
31.46,3786.7
31.47,3680
31.48,3853.3
31.49,3666.7
31.5,4000
31.51,4093.3
31.52,3906.7
31.53,3840
31.54,3720
31.55,3733.3
31.56,4133.3
31.57,4000
31.58,4106.7
31.59,4186.7
31.6,3920
31.61,4026.7
31.62,4013.3
31.63,3706.7
31.64,3760
31.65,3933.3
31.66,3986.7
31.67,4026.7
31.68,4213.3
31.69,4306.7
31.7,3933.3
31.71,4346.7
31.72,4466.7
31.73,4026.7
31.74,4346.7
31.75,4266.7
31.76,4333.3
31.77,4226.7
31.78,4160
31.79,4013.3
31.8,3960
31.81,3893.3
31.82,4293.3
31.83,4133.3
31.84,4253.3
31.85,4146.7
31.86,3960
31.87,3920
31.88,3973.3
31.89,4013.3
31.9,3893.3
31.91,4120
31.92,3986.7
31.93,3893.3
31.94,3746.7
31.95,3840
31.96,3760
31.97,3893.3
31.98,3746.7
31.99,3853.3
32,3866.7
32.01,3720
32.02,3813.3
32.03,3680
32.04,3666.7
32.05,3680
32.06,3853.3
32.07,3720
32.08,3733.3
32.09,3706.7
32.1,3773.3
32.11,3560
32.12,3293.3
32.13,3373.3
32.14,4173.3
32.15,3986.7
32.16,3853.3
32.17,3573.3
32.18,3626.7
32.19,3573.3
32.2,3466.7
32.21,3466.7
32.22,3746.7
32.23,3760
32.24,3720
32.25,3720
32.26,3626.7
32.27,3373.3
32.28,3640
32.29,3733.3
32.3,3786.7
32.31,3600
32.32,3800
32.33,3533.3
32.34,3760
32.35,3693.3
32.36,3653.3
32.37,3760
32.38,3573.3
32.39,3640
32.4,3560
32.41,3546.7
32.42,3520
32.43,3493.3
32.44,3840
32.45,3746.7
32.46,3533.3
32.47,3933.3
32.48,4093.3
32.49,3626.7
32.5,3693.3
32.51,3493.3
32.52,3573.3
32.53,3906.7
32.54,3506.7
32.55,3786.7
32.56,3973.3
32.57,3960
32.58,3626.7
32.59,3746.7
32.6,3720
32.61,3760
32.62,3626.7
32.63,3600
32.64,3680
32.65,3653.3
32.66,3706.7
32.67,3786.7
32.68,3853.3
32.69,4000
32.7,3626.7
32.71,3466.7
32.72,3626.7
32.73,3400
32.74,3600
32.75,3720
32.76,4000
32.77,3933.3
32.78,3506.7
32.79,3533.3
32.8,3813.3
32.81,3533.3
32.82,3560
32.83,3866.7
32.84,3586.7
32.85,3666.7
32.86,3680
32.87,3493.3
32.88,3746.7
32.89,4000
32.9,3640
32.91,3560
32.92,3506.7
32.93,3253.3
32.94,3573.3
32.95,3466.7
32.96,3706.7
32.97,3840
32.98,3613.3
32.99,3560
33,3760
33.01,3840
33.02,3666.7
33.03,3773.3
33.04,3733.3
33.05,3440
33.06,3320
33.07,3400
33.08,3773.3
33.09,3973.3
33.1,3813.3
33.11,3626.7
33.12,3440
33.13,3186.7
33.14,3360
33.15,3320
33.16,3280
33.17,3480
33.18,3733.3
33.19,3466.7
33.2,3386.7
33.21,3560
33.22,3600
33.23,3786.7
33.24,3546.7
33.25,3680
33.26,3546.7
33.27,3466.7
33.28,3400
33.29,3533.3
33.3,3573.3
33.31,3520
33.32,3426.7
33.33,3413.3
33.34,3640
33.35,3773.3
33.36,3560
33.37,3520
33.38,3520
33.39,3666.7
33.4,3733.3
33.41,3413.3
33.42,3373.3
33.43,3480
33.44,3586.7
33.45,3400
33.46,3186.7
33.47,3506.7
33.48,3426.7
33.49,3506.7
33.5,3746.7
33.51,3520
33.52,3373.3
33.53,3480
33.54,3706.7
33.55,3946.7
33.56,3493.3
33.57,3320
33.58,3253.3
33.59,3720
33.6,3506.7
33.61,3573.3
33.62,3880
33.63,3293.3
33.64,3053.3
33.65,3253.3
33.66,3786.7
33.67,3546.7
33.68,3373.3
33.69,3626.7
33.7,3626.7
33.71,3560
33.72,3666.7
33.73,3373.3
33.74,3280
33.75,3573.3
33.76,3640
33.77,3506.7
33.78,3586.7
33.79,3466.7
33.8,3720
33.81,3693.3
33.82,3680
33.83,3733.3
33.84,3346.7
33.85,3546.7
33.86,3720
33.87,3360
33.88,3440
33.89,3373.3
33.9,3466.7
33.91,3520
33.92,3120
33.93,3506.7
33.94,3906.7
33.95,3733.3
33.96,3520
33.97,3386.7
33.98,3333.3
33.99,3440
34,3453.3
34.01,3426.7
34.02,3600
34.03,3760
34.04,3533.3
34.05,3400
34.06,3293.3
34.07,3573.3
34.08,3466.7
34.09,3600
34.1,3333.3
34.11,3480
34.12,3520
34.13,3466.7
34.14,3293.3
34.15,3586.7
34.16,3866.7
34.17,3786.7
34.18,3546.7
34.19,3573.3
34.2,3533.3
34.21,3480
34.22,3480
34.23,3586.7
34.24,3506.7
34.25,3586.7
34.26,3360
34.27,3360
34.28,3386.7
34.29,3226.7
34.3,3360
34.31,3440
34.32,3426.7
34.33,3333.3
34.34,3386.7
34.35,3506.7
34.36,3440
34.37,3213.3
34.38,3346.7
34.39,3453.3
34.4,3333.3
34.41,3520
34.42,3373.3
34.43,3346.7
34.44,3666.7
34.45,3386.7
34.46,3666.7
34.47,3613.3
34.48,3693.3
34.49,3373.3
34.5,3693.3
34.51,3333.3
34.52,3466.7
34.53,3613.3
34.54,3453.3
34.55,3120
34.56,3186.7
34.57,3506.7
34.58,3506.7
34.59,3280
34.6,3173.3
34.61,3413.3
34.62,3573.3
34.63,3440
34.64,3560
34.65,3613.3
34.66,3573.3
34.67,3666.7
34.68,3546.7
34.69,3506.7
34.7,3493.3
34.71,3586.7
34.72,3360
34.73,3480
34.74,3640
34.75,3573.3
34.76,3440
34.77,3706.7
34.78,3773.3
34.79,3653.3
34.8,3653.3
34.81,3560
34.82,3573.3
34.83,3626.7
34.84,3640
34.85,3506.7
34.86,3440
34.87,3160
34.88,3173.3
34.89,3466.7
34.9,3400
34.91,3800
34.92,3506.7
34.93,3400
34.94,3520
34.95,3306.7
34.96,3133.3
34.97,2946.7
34.98,3106.7
34.99,3360
35,3413.3
35.01,3480
35.02,3506.7
35.03,3600
35.04,3866.7
35.05,3413.3
35.06,3680
35.07,3346.7
35.08,3253.3
35.09,3506.7
35.1,3386.7
35.11,3386.7
35.12,3466.7
35.13,3160
35.14,3480
35.15,3360
35.16,3440
35.17,3373.3
35.18,3466.7
35.19,3493.3
35.2,3573.3
35.21,3666.7
35.22,3333.3
35.23,3413.3
35.24,3480
35.25,3240
35.26,3213.3
35.27,3360
35.28,3480
35.29,3346.7
35.3,3133.3
35.31,3373.3
35.32,3293.3
35.33,3160
35.34,3360
35.35,3493.3
35.36,3400
35.37,3426.7
35.38,3173.3
35.39,3586.7
35.4,3733.3
35.41,3640
35.42,3373.3
35.43,3306.7
35.44,3400
35.45,3333.3
35.46,3106.7
35.47,3400
35.48,3573.3
35.49,3320
35.5,3320
35.51,3306.7
35.52,3186.7
35.53,3346.7
35.54,3200
35.55,3480
35.56,3093.3
35.57,3613.3
35.58,3293.3
35.59,3080
35.6,3133.3
35.61,3133.3
35.62,3253.3
35.63,3280
35.64,3226.7
35.65,3080
35.66,3040
35.67,3333.3
35.68,3186.7
35.69,3160
35.7,3226.7
35.71,3426.7
35.72,3333.3
35.73,3373.3
35.74,3200
35.75,3200
35.76,3466.7
35.77,3453.3
35.78,3373.3
35.79,3253.3
35.8,3360
35.81,3413.3
35.82,3346.7
35.83,3280
35.84,3320
35.85,3226.7
35.86,3146.7
35.87,3000
35.88,3453.3
35.89,3506.7
35.9,3480
35.91,3200
35.92,3466.7
35.93,3280
35.94,3466.7
35.95,3453.3
35.96,3733.3
35.97,3520
35.98,3813.3
35.99,3760
36,3613.3
36.01,3720
36.02,3440
36.03,3426.7
36.04,3480
36.05,3333.3
36.06,3240
36.07,3360
36.08,3306.7
36.09,3360
36.1,3506.7
36.11,3746.7
36.12,3466.7
36.13,3400
36.14,3293.3
36.15,3373.3
36.16,3493.3
36.17,3280
36.18,2933.3
36.19,2973.3
36.2,3293.3
36.21,3466.7
36.22,3213.3
36.23,3320
36.24,3400
36.25,3293.3
36.26,3386.7
36.27,3440
36.28,3626.7
36.29,3640
36.3,3560
36.31,3680
36.32,3360
36.33,3413.3
36.34,3466.7
36.35,3480
36.36,3546.7
36.37,3586.7
36.38,3653.3
36.39,3320
36.4,3413.3
36.41,3240
36.42,3346.7
36.43,3506.7
36.44,3453.3
36.45,3346.7
36.46,3386.7
36.47,3346.7
36.48,3160
36.49,3173.3
36.5,3306.7
36.51,3360
36.52,3506.7
36.53,3293.3
36.54,3200
36.55,2920
36.56,3440
36.57,3800
36.58,3413.3
36.59,3186.7
36.6,3320
36.61,3320
36.62,3306.7
36.63,3133.3
36.64,3133.3
36.65,3373.3
36.66,3480
36.67,3400
36.68,3466.7
36.69,3640
36.7,3453.3
36.71,3493.3
36.72,3506.7
36.73,3320
36.74,3440
36.75,3613.3
36.76,3280
36.77,2946.7
36.78,3160
36.79,3386.7
36.8,3600
36.81,3293.3
36.82,3533.3
36.83,3306.7
36.84,3373.3
36.85,3360
36.86,3093.3
36.87,3106.7
36.88,3240
36.89,3240
36.9,3520
36.91,3440
36.92,3360
36.93,3480
36.94,3333.3
36.95,3280
36.96,3266.7
36.97,3280
36.98,3413.3
36.99,3533.3
37,3426.7
37.01,3453.3
37.02,3133.3
37.03,3320
37.04,3306.7
37.05,3426.7
37.06,3293.3
37.07,3253.3
37.08,3400
37.09,3226.7
37.1,3293.3
37.11,3440
37.12,3186.7
37.13,3240
37.14,3226.7
37.15,3306.7
37.16,3253.3
37.17,3386.7
37.18,3213.3
37.19,3160
37.2,3426.7
37.21,3413.3
37.22,3213.3
37.23,3266.7
37.24,3160
37.25,3493.3
37.26,3360
37.27,3053.3
37.28,3413.3
37.29,3413.3
37.3,3253.3
37.31,3280
37.32,3333.3
37.33,3280
37.34,3120
37.35,3053.3
37.36,3080
37.37,3320
37.38,3146.7
37.39,3213.3
37.4,3253.3
37.41,3213.3
37.42,3080
37.43,3240
37.44,3186.7
37.45,3160
37.46,3373.3
37.47,3080
37.48,3280
37.49,3186.7
37.5,3413.3
37.51,3400
37.52,3360
37.53,3280
37.54,3226.7
37.55,3173.3
37.56,3280
37.57,3133.3
37.58,3160
37.59,3133.3
37.6,3240
37.61,2866.7
37.62,3080
37.63,3333.3
37.64,3560
37.65,3400
37.66,3093.3
37.67,3120
37.68,3386.7
37.69,3293.3
37.7,3493.3
37.71,3253.3
37.72,3186.7
37.73,3213.3
37.74,3306.7
37.75,3346.7
37.76,3360
37.77,3373.3
37.78,3320
37.79,3306.7
37.8,3306.7
37.81,3280
37.82,3106.7
37.83,3026.7
37.84,3080
37.85,3133.3
37.86,3306.7
37.87,3080
37.88,3160
37.89,3146.7
37.9,3186.7
37.91,3266.7
37.92,3506.7
37.93,3680
37.94,3506.7
37.95,3226.7
37.96,3240
37.97,3480
37.98,3280
37.99,3213.3
38,3320
38.01,3560
38.02,3493.3
38.03,3346.7
38.04,3453.3
38.05,3560
38.06,3373.3
38.07,3280
38.08,3400
38.09,3360
38.1,3240
38.11,3320
38.12,3626.7
38.13,3333.3
38.14,3466.7
38.15,3173.3
38.16,3466.7
38.17,3666.7
38.18,3533.3
38.19,3293.3
38.2,3213.3
38.21,3280
38.22,3093.3
38.23,3093.3
38.24,2906.7
38.25,3040
38.26,3186.7
38.27,3146.7
38.28,3253.3
38.29,3293.3
38.3,3160
38.31,3120
38.32,3160
38.33,3306.7
38.34,3293.3
38.35,3320
38.36,3306.7
38.37,3360
38.38,3213.3
38.39,3213.3
38.4,3226.7
38.41,3226.7
38.42,3026.7
38.43,3146.7
38.44,3333.3
38.45,3186.7
38.46,3040
38.47,3293.3
38.48,3240
38.49,3080
38.5,3120
38.51,3320
38.52,3120
38.53,2960
38.54,3026.7
38.55,3320
38.56,3373.3
38.57,3426.7
38.58,3293.3
38.59,3360
38.6,3453.3
38.61,3400
38.62,3066.7
38.63,2973.3
38.64,3080
38.65,3106.7
38.66,3040
38.67,2880
38.68,3133.3
38.69,3093.3
38.7,3253.3
38.71,3093.3
38.72,3173.3
38.73,2960
38.74,3200
38.75,3133.3
38.76,3160
38.77,3093.3
38.78,3146.7
38.79,3106.7
38.8,3120
38.81,3360
38.82,3480
38.83,3186.7
38.84,3173.3
38.85,3466.7
38.86,3413.3
38.87,3266.7
38.88,3213.3
38.89,3400
38.9,3226.7
38.91,3320
38.92,3200
38.93,3266.7
38.94,3346.7
38.95,3186.7
38.96,3120
38.97,3213.3
38.98,3346.7
38.99,3280
39,3333.3
39.01,3266.7
39.02,3186.7
39.03,3146.7
39.04,3293.3
39.05,3160
39.06,3093.3
39.07,3346.7
39.08,3253.3
39.09,3240
39.1,3213.3
39.11,3066.7
39.12,3120
39.13,3400
39.14,3546.7
39.15,3426.7
39.16,3266.7
39.17,3200
39.18,3480
39.19,3226.7
39.2,3240
39.21,3466.7
39.22,3480
39.23,3493.3
39.24,3466.7
39.25,3213.3
39.26,3080
39.27,3266.7
39.28,3306.7
39.29,3226.7
39.3,3293.3
39.31,3346.7
39.32,3573.3
39.33,3226.7
39.34,3106.7
39.35,3386.7
39.36,3386.7
39.37,3226.7
39.38,3120
39.39,3253.3
39.4,3266.7
39.41,3106.7
39.42,3173.3
39.43,3466.7
39.44,3560
39.45,3480
39.46,3253.3
39.47,3120
39.48,3320
39.49,3600
39.5,3520
39.51,3466.7
39.52,3346.7
39.53,3173.3
39.54,3453.3
39.55,3453.3
39.56,3680
39.57,3720
39.58,3400
39.59,3306.7
39.6,3306.7
39.61,3333.3
39.62,3426.7
39.63,3253.3
39.64,3266.7
39.65,3306.7
39.66,3320
39.67,3453.3
39.68,3466.7
39.69,3266.7
39.7,3293.3
39.71,3200
39.72,3093.3
39.73,3346.7
39.74,3360
39.75,3360
39.76,3546.7
39.77,3266.7
39.78,3440
39.79,3440
39.8,3333.3
39.81,3040
39.82,3173.3
39.83,3720
39.84,3653.3
39.85,3253.3
39.86,3186.7
39.87,3480
39.88,3440
39.89,3226.7
39.9,3226.7
39.91,3506.7
39.92,3480
39.93,3386.7
39.94,3440
39.95,3560
39.96,3573.3
39.97,3666.7
39.98,3706.7
39.99,3560
40,3480
40.01,3120
40.02,3413.3
40.03,3320
40.04,3413.3
40.05,3573.3
40.06,3426.7
40.07,3800
40.08,3586.7
40.09,3320
40.1,3280
40.11,3346.7
40.12,3466.7
40.13,3400
40.14,3360
40.15,3386.7
40.16,3866.7
40.17,3560
40.18,3520
40.19,3720
40.2,3706.7
40.21,3493.3
40.22,3440
40.23,3680
40.24,3933.3
40.25,3813.3
40.26,3920
40.27,3866.7
40.28,3813.3
40.29,3800
40.3,4013.3
40.31,3933.3
40.32,3813.3
40.33,3746.7
40.34,3840
40.35,4160
40.36,4160
40.37,3933.3
40.38,4306.7
40.39,4426.7
40.4,4826.7
40.41,4813.3
40.42,5120
40.43,5800
40.44,5920
40.45,5933.3
40.46,6093.3
40.47,7013.3
40.48,7373.3
40.49,7866.7
40.5,8386.7
40.51,9426.7
40.52,10600
40.53,11707
40.54,13093
40.55,15027
40.56,16133
40.57,17973
40.58,19840
40.59,21000
40.6,23373
40.61,25133
40.62,27760
40.63,28787
40.64,29693
40.65,31293
40.66,31493
40.67,32973
40.68,32253
40.69,30627
40.7,29000
40.71,27853
40.72,26107
40.73,25747
40.74,25160
40.75,24200
40.76,22907
40.77,21707
40.78,20147
40.79,18560
40.8,16467
40.81,14667
40.82,12827
40.83,11347
40.84,10093
40.85,9666.7
40.86,8706.7
40.87,7533.3
40.88,7213.3
40.89,6706.7
40.9,5973.3
40.91,5613.3
40.92,5000
40.93,4693.3
40.94,4680
40.95,4613.3
40.96,4506.7
40.97,4333.3
40.98,4120
40.99,4026.7
41,3773.3
41.01,3813.3
41.02,3453.3
41.03,4000
41.04,3813.3
41.05,3946.7
41.06,3720
41.07,3840
41.08,3626.7
41.09,3720
41.1,3853.3
41.11,3506.7
41.12,3600
41.13,3253.3
41.14,3133.3
41.15,3386.7
41.16,3400
41.17,3120
41.18,3160
41.19,3453.3
41.2,3733.3
41.21,3573.3
41.22,3693.3
41.23,3320
41.24,3346.7
41.25,3280
41.26,3226.7
41.27,3626.7
41.28,3506.7
41.29,3000
41.3,3413.3
41.31,3373.3
41.32,3186.7
41.33,3386.7
41.34,3186.7
41.35,3186.7
41.36,3360
41.37,3386.7
41.38,3133.3
41.39,3213.3
41.4,3133.3
41.41,3360
41.42,3333.3
41.43,3586.7
41.44,3333.3
41.45,3440
41.46,3360
41.47,3173.3
41.48,3360
41.49,3533.3
41.5,3346.7
41.51,3306.7
41.52,3213.3
41.53,3333.3
41.54,3186.7
41.55,3373.3
41.56,3373.3
41.57,3173.3
41.58,3346.7
41.59,3386.7
41.6,3093.3
41.61,3093.3
41.62,3426.7
41.63,3333.3
41.64,3240
41.65,3333.3
41.66,3000
41.67,3146.7
41.68,3133.3
41.69,3226.7
41.7,2906.7
41.71,3200
41.72,3253.3
41.73,3266.7
41.74,3400
41.75,3173.3
41.76,3080
41.77,3346.7
41.78,3386.7
41.79,3186.7
41.8,3146.7
41.81,3360
41.82,3480
41.83,3466.7
41.84,3293.3
41.85,3120
41.86,3093.3
41.87,3093.3
41.88,3413.3
41.89,3493.3
41.9,3253.3
41.91,3360
41.92,3186.7
41.93,3226.7
41.94,3360
41.95,3186.7
41.96,3066.7
41.97,3373.3
41.98,3360
41.99,3266.7
42,3360
42.01,3293.3
42.02,3186.7
42.03,3160
42.04,3506.7
42.05,3426.7
42.06,2973.3
42.07,3466.7
42.08,3573.3
42.09,3480
42.1,3186.7
42.11,3333.3
42.12,3320
42.13,3013.3
42.14,3120
42.15,3013.3
42.16,2906.7
42.17,3000
42.18,3173.3
42.19,3226.7
42.2,3173.3
42.21,3240
42.22,3226.7
42.23,3360
42.24,3426.7
42.25,3293.3
42.26,3186.7
42.27,3066.7
42.28,3266.7
42.29,3093.3
42.3,2853.3
42.31,3026.7
42.32,3106.7
42.33,3333.3
42.34,3226.7
42.35,3240
42.36,3253.3
42.37,3213.3
42.38,3346.7
42.39,3200
42.4,3306.7
42.41,3146.7
42.42,3240
42.43,3093.3
42.44,3000
42.45,3173.3
42.46,3160
42.47,3186.7
42.48,3133.3
42.49,3226.7
42.5,3520
42.51,3266.7
42.52,3253.3
42.53,3280
42.54,3346.7
42.55,3053.3
42.56,2946.7
42.57,3266.7
42.58,3186.7
42.59,3240
42.6,3213.3
42.61,3306.7
42.62,3133.3
42.63,3146.7
42.64,3146.7
42.65,3293.3
42.66,3280
42.67,3240
42.68,3080
42.69,3053.3
42.7,3480
42.71,3293.3
42.72,3173.3
42.73,3080
42.74,3146.7
42.75,3360
42.76,3306.7
42.77,3466.7
42.78,3453.3
42.79,3400
42.8,3506.7
42.81,3373.3
42.82,3226.7
42.83,3293.3
42.84,3440
42.85,3533.3
42.86,3653.3
42.87,3386.7
42.88,3173.3
42.89,3200
42.9,3053.3
42.91,3066.7
42.92,3066.7
42.93,3146.7
42.94,3200
42.95,3386.7
42.96,3026.7
42.97,3266.7
42.98,3320
42.99,3120
43,2946.7
43.01,3106.7
43.02,3093.3
43.03,3026.7
43.04,3413.3
43.05,3266.7
43.06,3040
43.07,3160
43.08,3053.3
43.09,3173.3
43.1,3213.3
43.11,3240
43.12,3120
43.13,3093.3
43.14,3413.3
43.15,3480
43.16,3040
43.17,3133.3
43.18,3266.7
43.19,3026.7
43.2,2986.7
43.21,2960
43.22,3093.3
43.23,3160
43.24,2960
43.25,3080
43.26,3386.7
43.27,3226.7
43.28,2960
43.29,3000
43.3,3266.7
43.31,3413.3
43.32,3386.7
43.33,2920
43.34,3000
43.35,3333.3
43.36,3026.7
43.37,2933.3
43.38,2840
43.39,3213.3
43.4,3520
43.41,3320
43.42,3093.3
43.43,3040
43.44,3306.7
43.45,3173.3
43.46,3160
43.47,3000
43.48,3013.3
43.49,3120
43.5,3146.7
43.51,3186.7
43.52,3053.3
43.53,2733.3
43.54,2840
43.55,3200
43.56,3120
43.57,2946.7
43.58,3226.7
43.59,3413.3
43.6,3160
43.61,2946.7
43.62,3026.7
43.63,3186.7
43.64,3426.7
43.65,3173.3
43.66,3293.3
43.67,3320
43.68,3266.7
43.69,3253.3
43.7,3280
43.71,3173.3
43.72,3026.7
43.73,3053.3
43.74,3040
43.75,3053.3
43.76,3160
43.77,3040
43.78,2973.3
43.79,3013.3
43.8,2960
43.81,2866.7
43.82,3013.3
43.83,3066.7
43.84,3066.7
43.85,3066.7
43.86,3080
43.87,2760
43.88,2786.7
43.89,3173.3
43.9,3066.7
43.91,3040
43.92,3013.3
43.93,2826.7
43.94,2880
43.95,2986.7
43.96,3106.7
43.97,2946.7
43.98,3213.3
43.99,3013.3
44,3106.7
44.01,3053.3
44.02,3373.3
44.03,2813.3
44.04,3080
44.05,3080
44.06,3000
44.07,3106.7
44.08,3013.3
44.09,3160
44.1,3066.7
44.11,2986.7
44.12,3040
44.13,3066.7
44.14,3293.3
44.15,3200
44.16,3080
44.17,3026.7
44.18,3280
44.19,3053.3
44.2,3040
44.21,3346.7
44.22,3253.3
44.23,3160
44.24,3186.7
44.25,3400
44.26,2986.7
44.27,3186.7
44.28,3373.3
44.29,3093.3
44.3,3080
44.31,3173.3
44.32,3266.7
44.33,3160
44.34,3000
44.35,2946.7
44.36,3053.3
44.37,3066.7
44.38,2946.7
44.39,2853.3
44.4,3480
44.41,3013.3
44.42,2893.3
44.43,3186.7
44.44,3146.7
44.45,3040
44.46,2773.3
44.47,2693.3
44.48,2973.3
44.49,2973.3
44.5,3066.7
44.51,2973.3
44.52,2893.3
44.53,3066.7
44.54,3200
44.55,3000
44.56,3000
44.57,3080
44.58,3013.3
44.59,2893.3
44.6,2893.3
44.61,3133.3
44.62,3000
44.63,3080
44.64,2813.3
44.65,2880
44.66,2866.7
44.67,3080
44.68,3000
44.69,2973.3
44.7,3146.7
44.71,3106.7
44.72,3080
44.73,3146.7
44.74,3093.3
44.75,2933.3
44.76,3000
44.77,3000
44.78,3080
44.79,3093.3
44.8,3040
44.81,2906.7
44.82,2933.3
44.83,2773.3
44.84,3026.7
44.85,3160
44.86,3120
44.87,2960
44.88,3120
44.89,3053.3
44.9,3120
44.91,3120
44.92,3186.7
44.93,3293.3
44.94,3173.3
44.95,3013.3
44.96,3066.7
44.97,2973.3
44.98,2906.7
44.99,3186.7
45,2986.7
45.01,2946.7
45.02,3053.3
45.03,3253.3
45.04,3186.7
45.05,2893.3
45.06,2653.3
45.07,3093.3
45.08,2946.7
45.09,3093.3
45.1,3106.7
45.11,3133.3
45.12,3226.7
45.13,3000
45.14,3186.7
45.15,3160
45.16,3106.7
45.17,3026.7
45.18,2973.3
45.19,3146.7
45.2,3120
45.21,3120
45.22,3120
45.23,3066.7
45.24,3013.3
45.25,3160
45.26,3066.7
45.27,3080
45.28,3226.7
45.29,2973.3
45.3,2906.7
45.31,3066.7
45.32,2933.3
45.33,3013.3
45.34,2933.3
45.35,2800
45.36,2653.3
45.37,2826.7
45.38,2973.3
45.39,2840
45.4,2973.3
45.41,3080
45.42,3200
45.43,3053.3
45.44,3440
45.45,3213.3
45.46,3173.3
45.47,3146.7
45.48,3226.7
45.49,3213.3
45.5,3226.7
45.51,3160
45.52,3200
45.53,3066.7
45.54,2853.3
45.55,2866.7
45.56,2866.7
45.57,2960
45.58,3053.3
45.59,3120
45.6,2920
45.61,2986.7
45.62,2973.3
45.63,2946.7
45.64,2986.7
45.65,3066.7
45.66,2853.3
45.67,3000
45.68,3213.3
45.69,3080
45.7,3293.3
45.71,3066.7
45.72,3320
45.73,2920
45.74,2813.3
45.75,2826.7
45.76,3133.3
45.77,2960
45.78,2986.7
45.79,2933.3
45.8,2826.7
45.81,3013.3
45.82,2866.7
45.83,2933.3
45.84,2800
45.85,2706.7
45.86,2893.3
45.87,2946.7
45.88,2840
45.89,3040
45.9,3093.3
45.91,3000
45.92,3026.7
45.93,3093.3
45.94,3106.7
45.95,3026.7
45.96,2840
45.97,3186.7
45.98,3293.3
45.99,3226.7
46,3200
46.01,2893.3
46.02,2800
46.03,3173.3
46.04,3333.3
46.05,3146.7
46.06,2760
46.07,2693.3
46.08,2653.3
46.09,2906.7
46.1,2773.3
46.11,2773.3
46.12,2893.3
46.13,3160
46.14,2840
46.15,3173.3
46.16,3186.7
46.17,3133.3
46.18,3293.3
46.19,3386.7
46.2,3160
46.21,2946.7
46.22,2880
46.23,2866.7
46.24,3093.3
46.25,3120
46.26,2746.7
46.27,2933.3
46.28,2880
46.29,3146.7
46.3,3173.3
46.31,3253.3
46.32,3240
46.33,3240
46.34,3000
46.35,3026.7
46.36,2973.3
46.37,2880
46.38,3026.7
46.39,3080
46.4,2893.3
46.41,2693.3
46.42,2933.3
46.43,3053.3
46.44,2760
46.45,2906.7
46.46,3040
46.47,3066.7
46.48,3026.7
46.49,3040
46.5,3093.3
46.51,3253.3
46.52,2946.7
46.53,2906.7
46.54,2906.7
46.55,3000
46.56,3093.3
46.57,2786.7
46.58,2840
46.59,2986.7
46.6,2893.3
46.61,3026.7
46.62,3160
46.63,3053.3
46.64,2933.3
46.65,2760
46.66,2813.3
46.67,3040
46.68,3040
46.69,3106.7
46.7,2946.7
46.71,3133.3
46.72,3146.7
46.73,2880
46.74,3080
46.75,2986.7
46.76,2893.3
46.77,3093.3
46.78,2946.7
46.79,3000
46.8,2920
46.81,2813.3
46.82,2773.3
46.83,2906.7
46.84,2720
46.85,3053.3
46.86,3040
46.87,2826.7
46.88,2906.7
46.89,3053.3
46.9,2880
46.91,2986.7
46.92,3093.3
46.93,2853.3
46.94,2973.3
46.95,2773.3
46.96,3000
46.97,2893.3
46.98,3146.7
46.99,3106.7
47,2906.7
47.01,2733.3
47.02,2946.7
47.03,3040
47.04,3053.3
47.05,2800
47.06,2760
47.07,2933.3
47.08,3026.7
47.09,3013.3
47.1,3146.7
47.11,3160
47.12,3173.3
47.13,3146.7
47.14,3346.7
47.15,3000
47.16,3106.7
47.17,3053.3
47.18,2933.3
47.19,3080
47.2,3133.3
47.21,2840
47.22,2786.7
47.23,3066.7
47.24,2840
47.25,2720
47.26,2573.3
47.27,2453.3
47.28,2866.7
47.29,3053.3
47.3,2840
47.31,2813.3
47.32,2893.3
47.33,3040
47.34,2933.3
47.35,2933.3
47.36,3133.3
47.37,2960
47.38,2773.3
47.39,2786.7
47.4,3053.3
47.41,3093.3
47.42,2893.3
47.43,2853.3
47.44,2693.3
47.45,2746.7
47.46,3120
47.47,3040
47.48,3040
47.49,2880
47.5,2786.7
47.51,2853.3
47.52,2906.7
47.53,2880
47.54,2880
47.55,3120
47.56,3080
47.57,3093.3
47.58,3160
47.59,3040
47.6,2786.7
47.61,3026.7
47.62,2746.7
47.63,2586.7
47.64,2573.3
47.65,2640
47.66,2706.7
47.67,2813.3
47.68,2760
47.69,2640
47.7,3040
47.71,3133.3
47.72,2906.7
47.73,3120
47.74,3053.3
47.75,2826.7
47.76,3133.3
47.77,3186.7
47.78,2800
47.79,2986.7
47.8,2893.3
47.81,2960
47.82,2933.3
47.83,2933.3
47.84,3266.7
47.85,3093.3
47.86,2840
47.87,2906.7
47.88,3053.3
47.89,2760
47.9,2946.7
47.91,3066.7
47.92,2986.7
47.93,3173.3
47.94,3360
47.95,3306.7
47.96,3320
47.97,3320
47.98,3066.7
47.99,3413.3
48,3226.7
48.01,2866.7
48.02,2973.3
48.03,3066.7
48.04,3093.3
48.05,3360
48.06,3133.3
48.07,3253.3
48.08,3253.3
48.09,2813.3
48.1,2906.7
48.11,3146.7
48.12,3373.3
48.13,3133.3
48.14,3000
48.15,3426.7
48.16,3413.3
48.17,3306.7
48.18,3333.3
48.19,3253.3
48.2,3040
48.21,2920
48.22,3106.7
48.23,3026.7
48.24,3053.3
48.25,2866.7
48.26,3240
48.27,3093.3
48.28,2786.7
48.29,2866.7
48.3,2640
48.31,2866.7
48.32,3040
48.33,2720
48.34,3013.3
48.35,3066.7
48.36,2920
48.37,2920
48.38,2666.7
48.39,2520
48.4,2973.3
48.41,3266.7
48.42,3053.3
48.43,2906.7
48.44,3120
48.45,3106.7
48.46,2853.3
48.47,2960
48.48,2853.3
48.49,2973.3
48.5,2986.7
48.51,2813.3
48.52,2826.7
48.53,2653.3
48.54,2693.3
48.55,2906.7
48.56,2706.7
48.57,2920
48.58,3080
48.59,3093.3
48.6,3146.7
48.61,3000
48.62,2786.7
48.63,2986.7
48.64,2986.7
48.65,2573.3
48.66,2680
48.67,2826.7
48.68,3173.3
48.69,3106.7
48.7,2826.7
48.71,2560
48.72,2733.3
48.73,3053.3
48.74,2986.7
48.75,2906.7
48.76,2773.3
48.77,2906.7
48.78,3146.7
48.79,2893.3
48.8,2906.7
48.81,2893.3
48.82,2933.3
48.83,2920
48.84,3160
48.85,3053.3
48.86,2946.7
48.87,2880
48.88,3106.7
48.89,3000
48.9,2906.7
48.91,2853.3
48.92,3186.7
48.93,3013.3
48.94,2986.7
48.95,2773.3
48.96,2933.3
48.97,2906.7
48.98,3026.7
48.99,3053.3
49,3080
49.01,3040
49.02,3000
49.03,2906.7
49.04,2826.7
49.05,3026.7
49.06,2933.3
49.07,3000
49.08,3013.3
49.09,3026.7
49.1,3120
49.11,3186.7
49.12,2866.7
49.13,2826.7
49.14,3026.7
49.15,2960
49.16,3120
49.17,3226.7
49.18,3026.7
49.19,3080
49.2,2800
49.21,2693.3
49.22,2906.7
49.23,3000
49.24,3066.7
49.25,2706.7
49.26,2893.3
49.27,2986.7
49.28,3013.3
49.29,3026.7
49.3,2813.3
49.31,2720
49.32,2746.7
49.33,2826.7
49.34,2893.3
49.35,2933.3
49.36,2920
49.37,3013.3
49.38,2840
49.39,3213.3
49.4,2946.7
49.41,2866.7
49.42,3200
49.43,3026.7
49.44,2666.7
49.45,2653.3
49.46,2826.7
49.47,2893.3
49.48,2933.3
49.49,3066.7
49.5,3066.7
49.51,2960
49.52,2893.3
49.53,2946.7
49.54,2666.7
49.55,2773.3
49.56,3186.7
49.57,3106.7
49.58,3000
49.59,2986.7
49.6,2933.3
49.61,2893.3
49.62,2813.3
49.63,2893.3
49.64,3093.3
49.65,3080
49.66,2946.7
49.67,3080
49.68,3013.3
49.69,2893.3
49.7,2946.7
49.71,3213.3
49.72,3040
49.73,3013.3
49.74,2800
49.75,2826.7
49.76,2973.3
49.77,2973.3
49.78,2853.3
49.79,3080
49.8,3040
49.81,3066.7
49.82,3040
49.83,3160
49.84,3013.3
49.85,2880
49.86,2933.3
49.87,2933.3
49.88,2986.7
49.89,2813.3
49.9,3053.3
49.91,3053.3
49.92,2866.7
49.93,3106.7
49.94,3306.7
49.95,3200
49.96,3133.3
49.97,3200
49.98,3160
49.99,3080
50,3080
50.01,3080
50.02,3373.3
50.03,3373.3
50.04,3293.3
50.05,3306.7
50.06,3293.3
50.07,3560
50.08,3600
50.09,3720
50.1,3893.3
50.11,3813.3
50.12,3840
50.13,4466.7
50.14,4560
50.15,4666.7
50.16,5106.7
50.17,5120
50.18,5773.3
50.19,6266.7
50.2,6173.3
50.21,6720
50.22,7466.7
50.23,7520
50.24,7520
50.25,8093.3
50.26,8533.3
50.27,9146.7
50.28,10027
50.29,10413
50.3,10667
50.31,10840
50.32,11000
50.33,11013
50.34,11027
50.35,10480
50.36,10493
50.37,9733.3
50.38,9293.3
50.39,9226.7
50.4,8306.7
50.41,8173.3
50.42,8533.3
50.43,8400
50.44,7746.7
50.45,7706.7
50.46,7293.3
50.47,6520
50.48,6733.3
50.49,6760
50.5,5946.7
50.51,5333.3
50.52,5226.7
50.53,4933.3
50.54,4493.3
50.55,4493.3
50.56,4106.7
50.57,4093.3
50.58,3893.3
50.59,3840
50.6,3693.3
50.61,3533.3
50.62,3426.7
50.63,3133.3
50.64,3026.7
50.65,3120
50.66,3253.3
50.67,3360
50.68,3253.3
50.69,3186.7
50.7,3066.7
50.71,3013.3
50.72,2880
50.73,2933.3
50.74,3013.3
50.75,3026.7
50.76,2920
50.77,2933.3
50.78,2986.7
50.79,3093.3
50.8,2920
50.81,2760
50.82,2813.3
50.83,2853.3
50.84,2853.3
50.85,2586.7
50.86,2653.3
50.87,2760
50.88,2853.3
50.89,3066.7
50.9,3000
50.91,3093.3
50.92,3080
50.93,3133.3
50.94,2986.7
50.95,2960
50.96,3026.7
50.97,3146.7
50.98,3066.7
50.99,2960
51,2986.7
51.01,3053.3
51.02,3053.3
51.03,3013.3
51.04,2933.3
51.05,3000
51.06,3106.7
51.07,3040
51.08,3093.3
51.09,2920
51.1,2773.3
51.11,2813.3
51.12,2906.7
51.13,2853.3
51.14,2813.3
51.15,2933.3
51.16,2866.7
51.17,2986.7
51.18,2986.7
51.19,2893.3
51.2,2973.3
51.21,2986.7
51.22,3120
51.23,2933.3
51.24,2880
51.25,3013.3
51.26,3000
51.27,2933.3
51.28,2706.7
51.29,2760
51.3,3000
51.31,3120
51.32,2933.3
51.33,2826.7
51.34,2880
51.35,2880
51.36,2706.7
51.37,2840
51.38,3026.7
51.39,2986.7
51.4,2800
51.41,2746.7
51.42,2733.3
51.43,3240
51.44,3080
51.45,2920
51.46,2920
51.47,2853.3
51.48,3026.7
51.49,2973.3
51.5,2986.7
51.51,3146.7
51.52,3146.7
51.53,2800
51.54,2933.3
51.55,3173.3
51.56,3026.7
51.57,3213.3
51.58,2826.7
51.59,2866.7
51.6,2920
51.61,2973.3
51.62,3133.3
51.63,3053.3
51.64,3026.7
51.65,2600
51.66,2866.7
51.67,2933.3
51.68,2866.7
51.69,2706.7
51.7,2826.7
51.71,2880
51.72,2720
51.73,2640
51.74,2746.7
51.75,2786.7
51.76,2826.7
51.77,2640
51.78,2800
51.79,2880
51.8,2906.7
51.81,2946.7
51.82,2920
51.83,3080
51.84,3133.3
51.85,2986.7
51.86,2826.7
51.87,2920
51.88,2826.7
51.89,3106.7
51.9,3080
51.91,2733.3
51.92,2466.7
51.93,2720
51.94,2813.3
51.95,2720
51.96,2893.3
51.97,2626.7
51.98,2680
51.99,2866.7
52,2946.7
52.01,2880
52.02,3133.3
52.03,3226.7
52.04,3000
52.05,2666.7
52.06,2680
52.07,2786.7
52.08,2773.3
52.09,2853.3
52.1,2613.3
52.11,3040
52.12,2840
52.13,2906.7
52.14,3080
52.15,3093.3
52.16,2800
52.17,2706.7
52.18,2813.3
52.19,2706.7
52.2,2880
52.21,2853.3
52.22,3080
52.23,3026.7
52.24,2760
52.25,2853.3
52.26,2933.3
52.27,3026.7
52.28,2746.7
52.29,3066.7
52.3,2946.7
52.31,2746.7
52.32,2840
52.33,3000
52.34,2706.7
52.35,2986.7
52.36,2906.7
52.37,2786.7
52.38,2853.3
52.39,2840
52.4,2666.7
52.41,2826.7
52.42,2906.7
52.43,2813.3
52.44,3080
52.45,2960
52.46,2866.7
52.47,2653.3
52.48,2866.7
52.49,2920
52.5,2973.3
52.51,2720
52.52,2626.7
52.53,2733.3
52.54,3066.7
52.55,2826.7
52.56,2640
52.57,2826.7
52.58,2733.3
52.59,2733.3
52.6,2786.7
52.61,2813.3
52.62,2746.7
52.63,2746.7
52.64,2720
52.65,2800
52.66,3173.3
52.67,2973.3
52.68,2640
52.69,2706.7
52.7,2680
52.71,2853.3
52.72,2973.3
52.73,2853.3
52.74,3053.3
52.75,2986.7
52.76,2946.7
52.77,2960
52.78,2746.7
52.79,2720
52.8,2920
52.81,2826.7
52.82,2813.3
52.83,2746.7
52.84,2800
52.85,3013.3
52.86,2986.7
52.87,2920
52.88,2906.7
52.89,2893.3
52.9,2826.7
52.91,2973.3
52.92,2760
52.93,2733.3
52.94,2666.7
52.95,2653.3
52.96,2773.3
52.97,2960
52.98,2813.3
52.99,2880
53,2906.7
53.01,2880
53.02,2880
53.03,3040
53.04,2866.7
53.05,3026.7
53.06,3186.7
53.07,2946.7
53.08,2960
53.09,2893.3
53.1,2960
53.11,2906.7
53.12,3053.3
53.13,2813.3
53.14,2746.7
53.15,2733.3
53.16,2960
53.17,2746.7
53.18,2733.3
53.19,2733.3
53.2,2880
53.21,3093.3
53.22,3000
53.23,2906.7
53.24,2893.3
53.25,2760
53.26,2706.7
53.27,2960
53.28,2800
53.29,2733.3
53.3,2920
53.31,2866.7
53.32,2933.3
53.33,3026.7
53.34,3093.3
53.35,2573.3
53.36,2706.7
53.37,2920
53.38,2840
53.39,2760
53.4,2866.7
53.41,2880
53.42,2800
53.43,2933.3
53.44,2893.3
53.45,2600
53.46,2680
53.47,2906.7
53.48,2946.7
53.49,2973.3
53.5,2640
53.51,2826.7
53.52,3013.3
53.53,3066.7
53.54,2973.3
53.55,2733.3
53.56,2973.3
53.57,3000
53.58,2920
53.59,3106.7
53.6,3013.3
53.61,2920
53.62,2893.3
53.63,2626.7
53.64,2560
53.65,2960
53.66,2880
53.67,2786.7
53.68,2733.3
53.69,2733.3
53.7,2773.3
53.71,2960
53.72,2986.7
53.73,2760
53.74,3093.3
53.75,2960
53.76,2920
53.77,2893.3
53.78,2746.7
53.79,2733.3
53.8,2720
53.81,2866.7
53.82,2946.7
53.83,3093.3
53.84,2906.7
53.85,2786.7
53.86,2746.7
53.87,2786.7
53.88,2640
53.89,2760
53.9,2933.3
53.91,2800
53.92,2626.7
53.93,2706.7
53.94,2600
53.95,2760
53.96,2760
53.97,2973.3
53.98,2946.7
53.99,2920
54,2893.3
54.01,2826.7
54.02,2826.7
54.03,2933.3
54.04,3013.3
54.05,2840
54.06,2893.3
54.07,2893.3
54.08,2840
54.09,2853.3
54.1,2933.3
54.11,2973.3
54.12,2773.3
54.13,2800
54.14,2773.3
54.15,2680
54.16,2706.7
54.17,2760
54.18,2853.3
54.19,3106.7
54.2,2760
54.21,2813.3
54.22,2573.3
54.23,2800
54.24,3053.3
54.25,2800
54.26,2933.3
54.27,2946.7
54.28,2946.7
54.29,2946.7
54.3,2760
54.31,2800
54.32,2786.7
54.33,2906.7
54.34,3213.3
54.35,3160
54.36,3306.7
54.37,2920
54.38,2946.7
54.39,2853.3
54.4,2826.7
54.41,2880
54.42,2840
54.43,2746.7
54.44,3133.3
54.45,3013.3
54.46,2760
54.47,2626.7
54.48,2773.3
54.49,2773.3
54.5,2826.7
54.51,3120
54.52,2920
54.53,2760
54.54,2946.7
54.55,2853.3
54.56,2906.7
54.57,2866.7
54.58,3106.7
54.59,2826.7
54.6,2800
54.61,2920
54.62,3000
54.63,2706.7
54.64,2613.3
54.65,2533.3
54.66,2573.3
54.67,2813.3
54.68,2786.7
54.69,2800
54.7,2840
54.71,2840
54.72,2773.3
54.73,2933.3
54.74,2813.3
54.75,2773.3
54.76,3093.3
54.77,3173.3
54.78,2573.3
54.79,2733.3
54.8,3080
54.81,2906.7
54.82,3120
54.83,3000
54.84,2946.7
54.85,3026.7
54.86,2840
54.87,2933.3
54.88,2893.3
54.89,3146.7
54.9,3306.7
54.91,2973.3
54.92,2813.3
54.93,2960
54.94,3013.3
54.95,2946.7
54.96,3066.7
54.97,2973.3
54.98,2840
54.99,2933.3
55,2706.7
55.01,2733.3
55.02,3013.3
55.03,2960
55.04,2933.3
55.05,2973.3
55.06,2826.7
55.07,2720
55.08,3026.7
55.09,2880
55.1,2626.7
55.11,2946.7
55.12,3040
55.13,3013.3
55.14,2946.7
55.15,2920
55.16,3013.3
55.17,2960
55.18,2906.7
55.19,2853.3
55.2,3026.7
55.21,2760
55.22,2800
55.23,2773.3
55.24,2920
55.25,2973.3
55.26,3000
55.27,3133.3
55.28,2773.3
55.29,2573.3
55.3,2840
55.31,2866.7
55.32,2773.3
55.33,2920
55.34,2986.7
55.35,2693.3
55.36,2680
55.37,2826.7
55.38,2880
55.39,2920
55.4,3040
55.41,2946.7
55.42,2813.3
55.43,2840
55.44,2826.7
55.45,2493.3
55.46,2800
55.47,2960
55.48,2973.3
55.49,3080
55.5,2973.3
55.51,2946.7
55.52,3093.3
55.53,3146.7
55.54,2986.7
55.55,2786.7
55.56,2920
55.57,2853.3
55.58,2573.3
55.59,2493.3
55.6,2626.7
55.61,2866.7
55.62,2986.7
55.63,2880
55.64,2853.3
55.65,2853.3
55.66,2973.3
55.67,2840
55.68,2920
55.69,3053.3
55.7,2786.7
55.71,2800
55.72,3120
55.73,3186.7
55.74,2893.3
55.75,2960
55.76,2960
55.77,2906.7
55.78,3026.7
55.79,3040
55.8,2960
55.81,2760
55.82,2613.3
55.83,2786.7
55.84,2800
55.85,2653.3
55.86,2746.7
55.87,2600
55.88,2906.7
55.89,2973.3
55.9,2973.3
55.91,2826.7
55.92,2946.7
55.93,2760
55.94,2920
55.95,2826.7
55.96,2920
55.97,2906.7
55.98,2986.7
55.99,2760
56,2560
56.01,2706.7
56.02,2826.7
56.03,2800
56.04,2866.7
56.05,2786.7
56.06,2760
56.07,2853.3
56.08,2813.3
56.09,2960
56.1,3026.7
56.11,2973.3
56.12,2973.3
56.13,2706.7
56.14,2933.3
56.15,3146.7
56.16,2986.7
56.17,2880
56.18,2666.7
56.19,2720
56.2,2800
56.21,2800
56.22,2653.3
56.23,2720
56.24,2933.3
56.25,2733.3
56.26,2720
56.27,2840
56.28,2920
56.29,3053.3
56.3,3013.3
56.31,2973.3
56.32,3026.7
56.33,2960
56.34,2946.7
56.35,2920
56.36,2973.3
56.37,3066.7
56.38,2973.3
56.39,2786.7
56.4,2813.3
56.41,3053.3
56.42,3000
56.43,2920
56.44,2813.3
56.45,2760
56.46,3093.3
56.47,3093.3
56.48,2626.7
56.49,2880
56.5,3000
56.51,2906.7
56.52,2746.7
56.53,2706.7
56.54,2946.7
56.55,2786.7
56.56,2760
56.57,2893.3
56.58,2893.3
56.59,2760
56.6,2853.3
56.61,3106.7
56.62,3040
56.63,2880
56.64,2853.3
56.65,2653.3
56.66,2746.7
56.67,2813.3
56.68,2826.7
56.69,2840
56.7,2680
56.71,2746.7
56.72,3106.7
56.73,3026.7
56.74,2786.7
56.75,2986.7
56.76,2986.7
56.77,3013.3
56.78,3040
56.79,2933.3
56.8,2866.7
56.81,2933.3
56.82,2733.3
56.83,2986.7
56.84,2960
56.85,3040
56.86,2826.7
56.87,2893.3
56.88,2693.3
56.89,2800
56.9,2746.7
56.91,2653.3
56.92,2786.7
56.93,2906.7
56.94,2786.7
56.95,2893.3
56.96,2680
56.97,2866.7
56.98,2960
56.99,3253.3
57,3106.7
57.01,2760
57.02,3053.3
57.03,3053.3
57.04,3066.7
57.05,3280
57.06,3040
57.07,3013.3
57.08,3000
57.09,2813.3
57.1,2786.7
57.11,2853.3
57.12,2800
57.13,2880
57.14,2933.3
57.15,2960
57.16,2920
57.17,2786.7
57.18,2880
57.19,2853.3
57.2,2693.3
57.21,3026.7
57.22,3013.3
57.23,2933.3
57.24,2946.7
57.25,2746.7
57.26,2866.7
57.27,3093.3
57.28,2973.3
57.29,2933.3
57.3,3080
57.31,2866.7
57.32,2920
57.33,2933.3
57.34,2946.7
57.35,2933.3
57.36,3093.3
57.37,2920
57.38,3013.3
57.39,2933.3
57.4,2840
57.41,2986.7
57.42,3160
57.43,3106.7
57.44,3040
57.45,3106.7
57.46,2866.7
57.47,3080
57.48,3186.7
57.49,2973.3
57.5,3040
57.51,2946.7
57.52,2880
57.53,3160
57.54,3080
57.55,2893.3
57.56,3000
57.57,3053.3
57.58,3120
57.59,2853.3
57.6,2853.3
57.61,2920
57.62,2906.7
57.63,3186.7
57.64,3026.7
57.65,3093.3
57.66,2813.3
57.67,2746.7
57.68,3000
57.69,2973.3
57.7,3040
57.71,3026.7
57.72,3040
57.73,3200
57.74,2933.3
57.75,3133.3
57.76,2960
57.77,3013.3
57.78,3026.7
57.79,3186.7
57.8,3000
57.81,3093.3
57.82,3080
57.83,2813.3
57.84,2586.7
57.85,2760
57.86,2933.3
57.87,2773.3
57.88,2933.3
57.89,2813.3
57.9,2680
57.91,2626.7
57.92,2866.7
57.93,2933.3
57.94,2840
57.95,2946.7
57.96,3146.7
57.97,3173.3
57.98,2866.7
57.99,2773.3
58,2853.3
58.01,2920
58.02,3093.3
58.03,3160
58.04,3053.3
58.05,3120
58.06,3106.7
58.07,3226.7
58.08,2813.3
58.09,2533.3
58.1,2626.7
58.11,2906.7
58.12,3013.3
58.13,2746.7
58.14,2826.7
58.15,2853.3
58.16,2893.3
58.17,2760
58.18,2866.7
58.19,3000
58.2,2920
58.21,2853.3
58.22,2933.3
58.23,2800
58.24,2800
58.25,2906.7
58.26,3120
58.27,2786.7
58.28,2920
58.29,3186.7
58.3,3160
58.31,2853.3
58.32,2786.7
58.33,3146.7
58.34,3320
58.35,2786.7
58.36,2880
58.37,3173.3
58.38,3426.7
58.39,2880
58.4,2920
58.41,3173.3
58.42,3120
58.43,3000
58.44,3000
58.45,2946.7
58.46,3133.3
58.47,3213.3
58.48,3266.7
58.49,3213.3
58.5,3173.3
58.51,3280
58.52,3306.7
58.53,3173.3
58.54,3240
58.55,3693.3
58.56,3933.3
58.57,3626.7
58.58,3666.7
58.59,3866.7
58.6,4146.7
58.61,4306.7
58.62,4560
58.63,4906.7
58.64,5133.3
58.65,5293.3
58.66,5106.7
58.67,6066.7
58.68,6480
58.69,6546.7
58.7,6840
58.71,6960
58.72,7480
58.73,7973.3
58.74,8266.7
58.75,8226.7
58.76,8733.3
58.77,9093.3
58.78,8693.3
58.79,8560
58.8,8333.3
58.81,7746.7
58.82,7466.7
58.83,7320
58.84,7293.3
58.85,7013.3
58.86,6453.3
58.87,6306.7
58.88,6106.7
58.89,6053.3
58.9,6146.7
58.91,6093.3
58.92,6080
58.93,6120
58.94,5893.3
58.95,5426.7
58.96,5200
58.97,5373.3
58.98,5133.3
58.99,4880
59,4560
59.01,4293.3
59.02,3840
59.03,3466.7
59.04,3533.3
59.05,3626.7
59.06,3400
59.07,3280
59.08,3173.3
59.09,3186.7
59.1,3320
59.11,3346.7
59.12,3186.7
59.13,3160
59.14,2933.3
59.15,3053.3
59.16,2893.3
59.17,2973.3
59.18,2906.7
59.19,2893.3
59.2,3080
59.21,3040
59.22,2893.3
59.23,3040
59.24,3013.3
59.25,3226.7
59.26,3106.7
59.27,2706.7
59.28,2866.7
59.29,3160
59.3,3226.7
59.31,3253.3
59.32,2973.3
59.33,3200
59.34,3186.7
59.35,2946.7
59.36,3000
59.37,3066.7
59.38,2973.3
59.39,2973.3
59.4,2986.7
59.41,2893.3
59.42,3213.3
59.43,3173.3
59.44,3040
59.45,2840
59.46,3000
59.47,2973.3
59.48,2866.7
59.49,2760
59.5,2866.7
59.51,2933.3
59.52,3133.3
59.53,2933.3
59.54,2733.3
59.55,3106.7
59.56,3093.3
59.57,3106.7
59.58,2933.3
59.59,2906.7
59.6,3133.3
59.61,3053.3
59.62,3040
59.63,2906.7
59.64,3040
59.65,2773.3
59.66,2893.3
59.67,2733.3
59.68,2893.3
59.69,2946.7
59.7,2706.7
59.71,2866.7
59.72,3200
59.73,2973.3
59.74,2893.3
59.75,2986.7
59.76,2866.7
59.77,2906.7
59.78,2933.3
59.79,2880
59.8,2920
59.81,2893.3
59.82,3000
59.83,2920
59.84,2800
59.85,2866.7
59.86,3013.3
59.87,2960
59.88,3106.7
59.89,2840
59.9,2760
59.91,2813.3
59.92,2960
59.93,3146.7
59.94,2800
59.95,2626.7
59.96,2800
59.97,2653.3
59.98,2520
59.99,2746.7
60,2680
60.01,2826.7
60.02,3040
60.03,3013.3
60.04,3120
60.05,2986.7
60.06,3080
60.07,2853.3
60.08,2880
60.09,2906.7
60.1,2946.7
60.11,2946.7
60.12,3026.7
60.13,2920
60.14,2933.3
60.15,3253.3
60.16,3186.7
60.17,3173.3
60.18,2920
60.19,2933.3
60.2,3160
60.21,2853.3
60.22,2706.7
60.23,2653.3
60.24,2986.7
60.25,3066.7
60.26,2880
60.27,2853.3
60.28,3280
60.29,2906.7
60.3,2840
60.31,2893.3
60.32,2813.3
60.33,2786.7
60.34,2720
60.35,3053.3
60.36,2906.7
60.37,2813.3
60.38,2933.3
60.39,2960
60.4,2880
60.41,2826.7
60.42,2680
60.43,2880
60.44,3013.3
60.45,2773.3
60.46,2920
60.47,2960
60.48,2800
60.49,2493.3
60.5,2773.3
60.51,2946.7
60.52,3026.7
60.53,2800
60.54,2853.3
60.55,2933.3
60.56,3080
60.57,3066.7
60.58,2920
60.59,2946.7
60.6,2866.7
60.61,2746.7
60.62,2853.3
60.63,3040
60.64,2853.3
60.65,2746.7
60.66,2720
60.67,2680
60.68,2666.7
60.69,2880
60.7,2773.3
60.71,2693.3
60.72,2600
60.73,2720
60.74,2800
60.75,2800
60.76,2786.7
60.77,3000
60.78,2960
60.79,2786.7
60.8,2640
60.81,2866.7
60.82,2986.7
60.83,3026.7
60.84,3000
60.85,2786.7
60.86,2680
60.87,2640
60.88,2800
60.89,2853.3
60.9,2666.7
60.91,2773.3
60.92,2906.7
60.93,2640
60.94,2773.3
60.95,2706.7
60.96,2720
60.97,2760
60.98,2613.3
60.99,2933.3
61,3146.7
61.01,2880
61.02,2706.7
61.03,2706.7
61.04,2746.7
61.05,2666.7
61.06,2573.3
61.07,2706.7
61.08,2853.3
61.09,2680
61.1,3013.3
61.11,3053.3
61.12,3253.3
61.13,2946.7
61.14,3066.7
61.15,2706.7
61.16,2706.7
61.17,2786.7
61.18,2520
61.19,2426.7
61.2,2706.7
61.21,2680
61.22,2693.3
61.23,2800
61.24,2853.3
61.25,2706.7
61.26,2466.7
61.27,2666.7
61.28,2826.7
61.29,2773.3
61.3,2840
61.31,2853.3
61.32,2826.7
61.33,2906.7
61.34,2613.3
61.35,2760
61.36,2693.3
61.37,2853.3
61.38,2920
61.39,2720
61.4,2800
61.41,2693.3
61.42,2813.3
61.43,2880
61.44,2600
61.45,2640
61.46,2853.3
61.47,2733.3
61.48,2800
61.49,2933.3
61.5,3093.3
61.51,2720
61.52,2720
61.53,2853.3
61.54,2853.3
61.55,2960
61.56,2666.7
61.57,2760
61.58,2813.3
61.59,2840
61.6,2840
61.61,2840
61.62,2693.3
61.63,2800
61.64,2626.7
61.65,2386.7
61.66,2800
61.67,2826.7
61.68,2880
61.69,2840
61.7,2760
61.71,2960
61.72,3040
61.73,3000
61.74,2773.3
61.75,2453.3
61.76,2693.3
61.77,2746.7
61.78,2773.3
61.79,2400
61.8,2693.3
61.81,2640
61.82,2573.3
61.83,2826.7
61.84,2880
61.85,2880
61.86,2746.7
61.87,2880
61.88,2826.7
61.89,2760
61.9,2760
61.91,2800
61.92,2640
61.93,2693.3
61.94,2813.3
61.95,2746.7
61.96,2733.3
61.97,2706.7
61.98,2653.3
61.99,2893.3
62,2800
62.01,2986.7
62.02,2560
62.03,2733.3
62.04,2920
62.05,2706.7
62.06,2760
62.07,2840
62.08,2586.7
62.09,2853.3
62.1,3013.3
62.11,2800
62.12,2866.7
62.13,2733.3
62.14,2800
62.15,2853.3
62.16,2853.3
62.17,3000
62.18,2893.3
62.19,2893.3
62.2,2773.3
62.21,2733.3
62.22,2786.7
62.23,2826.7
62.24,2520
62.25,2653.3
62.26,2666.7
62.27,2600
62.28,2560
62.29,2880
62.3,2866.7
62.31,2866.7
62.32,2960
62.33,2826.7
62.34,2613.3
62.35,2573.3
62.36,2773.3
62.37,2653.3
62.38,2453.3
62.39,2360
62.4,2520
62.41,2706.7
62.42,2946.7
62.43,2893.3
62.44,2933.3
62.45,2986.7
62.46,2680
62.47,2720
62.48,2786.7
62.49,2680
62.5,2906.7
62.51,2693.3
62.52,2586.7
62.53,2706.7
62.54,3026.7
62.55,3120
62.56,2720
62.57,2786.7
62.58,2693.3
62.59,2613.3
62.6,2600
62.61,2720
62.62,2880
62.63,2600
62.64,2746.7
62.65,2760
62.66,2626.7
62.67,2546.7
62.68,2746.7
62.69,2906.7
62.7,2786.7
62.71,2773.3
62.72,2746.7
62.73,2733.3
62.74,2813.3
62.75,3000
62.76,2893.3
62.77,2680
62.78,2693.3
62.79,2506.7
62.8,2760
62.81,2733.3
62.82,2826.7
62.83,2826.7
62.84,2693.3
62.85,2626.7
62.86,2600
62.87,2626.7
62.88,2600
62.89,2893.3
62.9,2853.3
62.91,2746.7
62.92,2760
62.93,2586.7
62.94,2640
62.95,2680
62.96,2813.3
62.97,2960
62.98,2760
62.99,2746.7
63,2493.3
63.01,2466.7
63.02,2773.3
63.03,2973.3
63.04,2853.3
63.05,2946.7
63.06,2773.3
63.07,2746.7
63.08,2546.7
63.09,2693.3
63.1,2773.3
63.11,2786.7
63.12,2853.3
63.13,2973.3
63.14,2813.3
63.15,2600
63.16,2640
63.17,2613.3
63.18,2760
63.19,2880
63.2,2746.7
63.21,2506.7
63.22,2773.3
63.23,3026.7
63.24,2973.3
63.25,2773.3
63.26,2760
63.27,2600
63.28,2813.3
63.29,2626.7
63.3,2506.7
63.31,2626.7
63.32,2586.7
63.33,2946.7
63.34,2506.7
63.35,2746.7
63.36,2840
63.37,2560
63.38,2613.3
63.39,2786.7
63.4,2746.7
63.41,2906.7
63.42,2853.3
63.43,2706.7
63.44,2813.3
63.45,2746.7
63.46,2760
63.47,2680
63.48,2720
63.49,2813.3
63.5,2840
63.51,2960
63.52,2800
63.53,2626.7
63.54,2720
63.55,2906.7
63.56,2933.3
63.57,2760
63.58,2600
63.59,2693.3
63.6,2760
63.61,2720
63.62,2586.7
63.63,2653.3
63.64,2826.7
63.65,2666.7
63.66,2586.7
63.67,2520
63.68,2773.3
63.69,2613.3
63.7,2493.3
63.71,2666.7
63.72,2960
63.73,2760
63.74,2586.7
63.75,2680
63.76,2773.3
63.77,2746.7
63.78,2773.3
63.79,2640
63.8,2760
63.81,2506.7
63.82,2506.7
63.83,2880
63.84,2666.7
63.85,2573.3
63.86,2626.7
63.87,2653.3
63.88,2853.3
63.89,2946.7
63.9,3066.7
63.91,2746.7
63.92,2880
63.93,2680
63.94,2586.7
63.95,2893.3
63.96,3053.3
63.97,2626.7
63.98,2560
63.99,2773.3
64,2826.7
64.01,2893.3
64.02,2600
64.03,2706.7
64.04,2706.7
64.05,2733.3
64.06,2866.7
64.07,2800
64.08,2906.7
64.09,2893.3
64.1,2933.3
64.11,2373.3
64.12,2706.7
64.13,3026.7
64.14,2760
64.15,2573.3
64.16,2906.7
64.17,2680
64.18,2666.7
64.19,2773.3
64.2,2706.7
64.21,2773.3
64.22,2973.3
64.23,2933.3
64.24,2840
64.25,2866.7
64.26,2653.3
64.27,2600
64.28,2493.3
64.29,2560
64.3,2693.3
64.31,2986.7
64.32,2733.3
64.33,2680
64.34,2813.3
64.35,2693.3
64.36,2520
64.37,2773.3
64.38,3146.7
64.39,2853.3
64.4,2720
64.41,2813.3
64.42,2866.7
64.43,2813.3
64.44,2680
64.45,2560
64.46,2773.3
64.47,2840
64.48,2880
64.49,2973.3
64.5,2813.3
64.51,2720
64.52,2546.7
64.53,2800
64.54,2853.3
64.55,2986.7
64.56,2746.7
64.57,2853.3
64.58,2666.7
64.59,2640
64.6,2973.3
64.61,2746.7
64.62,3040
64.63,3000
64.64,2813.3
64.65,2786.7
64.66,2680
64.67,2613.3
64.68,2640
64.69,2746.7
64.7,2666.7
64.71,2693.3
64.72,2786.7
64.73,2853.3
64.74,2826.7
64.75,2960
64.76,2920
64.77,2666.7
64.78,2733.3
64.79,2880
64.8,2680
64.81,2626.7
64.82,2693.3
64.83,2680
64.84,2920
64.85,3053.3
64.86,3080
64.87,2960
64.88,2840
64.89,2800
64.9,2880
64.91,2813.3
64.92,2893.3
64.93,2906.7
64.94,2880
64.95,2613.3
64.96,2946.7
64.97,2826.7
64.98,2480
64.99,2493.3
65,2600
65.01,2720
65.02,2840
65.03,2946.7
65.04,2920
65.05,2986.7
65.06,2693.3
65.07,2613.3
65.08,2733.3
65.09,2813.3
65.1,2933.3
65.11,2760
65.12,2773.3
65.13,2813.3
65.14,2693.3
65.15,2600
65.16,2520
65.17,2506.7
65.18,2773.3
65.19,2840
65.2,2733.3
65.21,2573.3
65.22,2666.7
65.23,2813.3
65.24,2706.7
65.25,2720
65.26,2666.7
65.27,2840
65.28,3053.3
65.29,2946.7
65.3,2986.7
65.31,2786.7
65.32,2666.7
65.33,2893.3
65.34,2920
65.35,2773.3
65.36,2680
65.37,2893.3
65.38,2826.7
65.39,2746.7
65.4,2986.7
65.41,2946.7
65.42,3000
65.43,2946.7
65.44,2733.3
65.45,2800
65.46,2946.7
65.47,2960
65.48,3026.7
65.49,3053.3
65.5,3133.3
65.51,3106.7
65.52,3146.7
65.53,3026.7
65.54,3000
65.55,3053.3
65.56,3000
65.57,2920
65.58,2893.3
65.59,2920
65.6,2893.3
65.61,2826.7
65.62,2960
65.63,2840
65.64,3093.3
65.65,2946.7
65.66,3106.7
65.67,3080
65.68,2626.7
65.69,2986.7
65.7,2960
65.71,2933.3
65.72,2986.7
65.73,2986.7
65.74,2880
65.75,2866.7
65.76,2613.3
65.77,2826.7
65.78,2906.7
65.79,2920
65.8,2800
65.81,2853.3
65.82,2973.3
65.83,2986.7
65.84,3146.7
65.85,2986.7
65.86,2933.3
65.87,2840
65.88,3093.3
65.89,2933.3
65.9,3000
65.91,3080
65.92,3053.3
65.93,2880
65.94,3080
65.95,3360
65.96,3266.7
65.97,3106.7
65.98,3000
65.99,2800
66,3040
66.01,3200
66.02,3306.7
66.03,2946.7
66.04,3253.3
66.05,3346.7
66.06,3373.3
66.07,3506.7
66.08,3413.3
66.09,3200
66.1,3173.3
66.11,3493.3
66.12,3653.3
66.13,3746.7
66.14,3440
66.15,3493.3
66.16,3920
66.17,4066.7
66.18,3933.3
66.19,4093.3
66.2,3893.3
66.21,3560
66.22,3640
66.23,3733.3
66.24,3893.3
66.25,4146.7
66.26,4253.3
66.27,4133.3
66.28,4466.7
66.29,4680
66.3,4986.7
66.31,5320
66.32,5266.7
66.33,5973.3
66.34,6666.7
66.35,7146.7
66.36,7813.3
66.37,8600
66.38,9613.3
66.39,10853
66.4,11813
66.41,12987
66.42,14293
66.43,16440
66.44,18053
66.45,19827
66.46,21480
66.47,23747
66.48,26493
66.49,27680
66.5,30333
66.51,31680
66.52,32573
66.53,32733
66.54,31907
66.55,30667
66.56,29347
66.57,27267
66.58,25240
66.59,23093
66.6,20787
66.61,18493
66.62,17027
66.63,16280
66.64,16013
66.65,15813
66.66,16280
66.67,17400
66.68,18173
66.69,18213
66.7,18440
66.71,18413
66.72,17653
66.73,17520
66.74,16213
66.75,15280
66.76,13893
66.77,12133
66.78,10720
66.79,9533.3
66.8,8373.3
66.81,7213.3
66.82,6066.7
66.83,5373.3
66.84,5093.3
66.85,4800
66.86,4293.3
66.87,4266.7
66.88,4106.7
66.89,3946.7
66.9,3933.3
66.91,3773.3
66.92,3880
66.93,3653.3
66.94,3546.7
66.95,3386.7
66.96,3173.3
66.97,3346.7
66.98,3520
66.99,3200
67,2920
67.01,2853.3
67.02,3293.3
67.03,3493.3
67.04,3360
67.05,3266.7
67.06,3226.7
67.07,2986.7
67.08,3080
67.09,3266.7
67.1,3226.7
67.11,3093.3
67.12,3160
67.13,3146.7
67.14,3053.3
67.15,3213.3
67.16,3080
67.17,2906.7
67.18,2893.3
67.19,2973.3
67.2,3026.7
67.21,2746.7
67.22,2786.7
67.23,2986.7
67.24,3040
67.25,2933.3
67.26,2773.3
67.27,2706.7
67.28,2946.7
67.29,2840
67.3,2800
67.31,2906.7
67.32,2906.7
67.33,2946.7
67.34,2880
67.35,2840
67.36,2906.7
67.37,2800
67.38,3040
67.39,3053.3
67.4,3080
67.41,2986.7
67.42,2906.7
67.43,2973.3
67.44,2986.7
67.45,2720
67.46,2813.3
67.47,2880
67.48,3026.7
67.49,3040
67.5,2813.3
67.51,2973.3
67.52,3026.7
67.53,2853.3
67.54,2986.7
67.55,2720
67.56,2733.3
67.57,2986.7
67.58,2920
67.59,2853.3
67.6,2746.7
67.61,2946.7
67.62,2826.7
67.63,2773.3
67.64,3146.7
67.65,3080
67.66,2960
67.67,2906.7
67.68,2826.7
67.69,3053.3
67.7,2893.3
67.71,2693.3
67.72,2880
67.73,2680
67.74,2773.3
67.75,2973.3
67.76,2920
67.77,2773.3
67.78,2413.3
67.79,2546.7
67.8,2960
67.81,3026.7
67.82,2960
67.83,2946.7
67.84,2826.7
67.85,2813.3
67.86,2853.3
67.87,2733.3
67.88,2880
67.89,2973.3
67.9,3013.3
67.91,2933.3
67.92,2600
67.93,2786.7
67.94,2826.7
67.95,2933.3
67.96,2720
67.97,2480
67.98,2773.3
67.99,2733.3
68,2586.7
68.01,2653.3
68.02,2920
68.03,3120
68.04,2626.7
68.05,2440
68.06,2546.7
68.07,2680
68.08,2720
68.09,2746.7
68.1,2680
68.11,2640
68.12,2800
68.13,2653.3
68.14,2720
68.15,2733.3
68.16,2760
68.17,2800
68.18,2640
68.19,2693.3
68.2,2986.7
68.21,2866.7
68.22,2746.7
68.23,2800
68.24,2653.3
68.25,2640
68.26,3226.7
68.27,3066.7
68.28,2720
68.29,2680
68.3,2826.7
68.31,2653.3
68.32,2946.7
68.33,2706.7
68.34,2800
68.35,2880
68.36,2773.3
68.37,2680
68.38,2733.3
68.39,2706.7
68.4,2706.7
68.41,2693.3
68.42,2786.7
68.43,2626.7
68.44,2520
68.45,2613.3
68.46,2706.7
68.47,2746.7
68.48,2640
68.49,2813.3
68.5,2680
68.51,2546.7
68.52,2733.3
68.53,2866.7
68.54,2680
68.55,2773.3
68.56,2680
68.57,2786.7
68.58,2960
68.59,2853.3
68.6,2506.7
68.61,2693.3
68.62,2786.7
68.63,2573.3
68.64,2600
68.65,2426.7
68.66,2680
68.67,2480
68.68,2626.7
68.69,2853.3
68.7,2840
68.71,2773.3
68.72,2693.3
68.73,2786.7
68.74,2600
68.75,2653.3
68.76,2933.3
68.77,2573.3
68.78,2480
68.79,2653.3
68.8,2613.3
68.81,2786.7
68.82,2973.3
68.83,2666.7
68.84,2560
68.85,2786.7
68.86,2813.3
68.87,2680
68.88,2800
68.89,2600
68.9,2573.3
68.91,2640
68.92,2653.3
68.93,2586.7
68.94,2800
68.95,2733.3
68.96,2626.7
68.97,2546.7
68.98,2600
68.99,2640
69,2520
69.01,2693.3
69.02,2786.7
69.03,2866.7
69.04,2533.3
69.05,2546.7
69.06,2706.7
69.07,2733.3
69.08,2653.3
69.09,2493.3
69.1,2866.7
69.11,2720
69.12,2560
69.13,2626.7
69.14,2533.3
69.15,2466.7
69.16,2666.7
69.17,2666.7
69.18,2800
69.19,2920
69.2,3040
69.21,2653.3
69.22,2466.7
69.23,2826.7
69.24,2480
69.25,2773.3
69.26,2640
69.27,2653.3
69.28,2693.3
69.29,2626.7
69.3,2720
69.31,2840
69.32,2640
69.33,2466.7
69.34,2573.3
69.35,2666.7
69.36,2573.3
69.37,2493.3
69.38,2706.7
69.39,2720
69.4,2666.7
69.41,2613.3
69.42,2586.7
69.43,2880
69.44,2840
69.45,2720
69.46,2853.3
69.47,2586.7
69.48,2626.7
69.49,2493.3
69.5,2600
69.51,2573.3
69.52,2613.3
69.53,2600
69.54,2773.3
69.55,2866.7
69.56,2613.3
69.57,2626.7
69.58,2746.7
69.59,2720
69.6,2760
69.61,2626.7
69.62,2600
69.63,2586.7
69.64,2760
69.65,2546.7
69.66,2773.3
69.67,2813.3
69.68,2493.3
69.69,2346.7
69.7,2746.7
69.71,2586.7
69.72,2533.3
69.73,2506.7
69.74,2573.3
69.75,2613.3
69.76,2600
69.77,2600
69.78,2466.7
69.79,2586.7
69.8,2466.7
69.81,2386.7
69.82,2453.3
69.83,2626.7
69.84,2706.7
69.85,2746.7
69.86,2706.7
69.87,2720
69.88,2466.7
69.89,2600
69.9,2706.7
69.91,2666.7
69.92,2453.3
69.93,2600
69.94,2746.7
69.95,2520
69.96,2360
69.97,2520
69.98,2520
69.99,2680
70,2773.3
70.01,2586.7
70.02,2346.7
70.03,2453.3
70.04,2440
70.05,2520
70.06,2466.7
70.07,2800
70.08,2786.7
70.09,2626.7
70.1,2666.7
70.11,2586.7
70.12,2533.3
70.13,2866.7
70.14,2706.7
70.15,2546.7
70.16,2453.3
70.17,2640
70.18,2613.3
70.19,2640
70.2,2306.7
70.21,2346.7
70.22,2506.7
70.23,2413.3
70.24,2506.7
70.25,2666.7
70.26,2733.3
70.27,2586.7
70.28,2320
70.29,2586.7
70.3,2506.7
70.31,2693.3
70.32,2693.3
70.33,2826.7
70.34,2693.3
70.35,2560
70.36,2746.7
70.37,2786.7
70.38,2400
70.39,2640
70.4,2733.3
70.41,2400
70.42,2600
70.43,2773.3
70.44,2760
70.45,2533.3
70.46,2506.7
70.47,2493.3
70.48,2480
70.49,2453.3
70.5,2520
70.51,2746.7
70.52,2560
70.53,2573.3
70.54,2506.7
70.55,2813.3
70.56,2720
70.57,2720
70.58,2733.3
70.59,2666.7
70.6,2640
70.61,2440
70.62,2600
70.63,2560
70.64,2613.3
70.65,2680
70.66,2573.3
70.67,2626.7
70.68,2506.7
70.69,2626.7
70.7,2626.7
70.71,2320
70.72,2693.3
70.73,2613.3
70.74,2480
70.75,2400
70.76,2840
70.77,2600
70.78,2680
70.79,2773.3
70.8,2760
70.81,2533.3
70.82,2546.7
70.83,2440
70.84,2693.3
70.85,2560
70.86,2773.3
70.87,2573.3
70.88,2400
70.89,2346.7
70.9,2573.3
70.91,2653.3
70.92,2626.7
70.93,2613.3
70.94,2520
70.95,2520
70.96,2306.7
70.97,2506.7
70.98,2093.3
70.99,2240
71,2746.7
71.01,2826.7
71.02,2533.3
71.03,2653.3
71.04,2560
71.05,2573.3
71.06,2520
71.07,2626.7
71.08,2653.3
71.09,2560
71.1,2666.7
71.11,2653.3
71.12,2506.7
71.13,2480
71.14,2413.3
71.15,2400
71.16,2400
71.17,2253.3
71.18,2320
71.19,2493.3
71.2,2666.7
71.21,2440
71.22,2320
71.23,2480
71.24,2386.7
71.25,2240
71.26,2440
71.27,2520
71.28,2520
71.29,2506.7
71.3,2386.7
71.31,2426.7
71.32,2733.3
71.33,2306.7
71.34,2346.7
71.35,2426.7
71.36,2546.7
71.37,2453.3
71.38,2426.7
71.39,2480
71.4,2466.7
71.41,2706.7
71.42,2720
71.43,2600
71.44,2453.3
71.45,2520
71.46,2346.7
71.47,2226.7
71.48,2493.3
71.49,2560
71.5,2533.3
71.51,2600
71.52,2373.3
71.53,2466.7
71.54,2680
71.55,2573.3
71.56,2440
71.57,2600
71.58,2920
71.59,2680
71.6,2440
71.61,2386.7
71.62,2720
71.63,2666.7
71.64,2466.7
71.65,2600
71.66,2600
71.67,2426.7
71.68,2506.7
71.69,2666.7
71.7,2653.3
71.71,2773.3
71.72,2693.3
71.73,2306.7
71.74,2386.7
71.75,2306.7
71.76,2426.7
71.77,2586.7
71.78,2493.3
71.79,2813.3
71.8,2773.3
71.81,2586.7
71.82,2573.3
71.83,2573.3
71.84,2493.3
71.85,2506.7
71.86,2573.3
71.87,2320
71.88,2360
71.89,2666.7
71.9,2680
71.91,2626.7
71.92,2560
71.93,2386.7
71.94,2613.3
71.95,2653.3
71.96,2453.3
71.97,2426.7
71.98,2333.3
71.99,2173.3
72,2280
72.01,2426.7
72.02,2440
72.03,2546.7
72.04,2546.7
72.05,2506.7
72.06,2560
72.07,2360
72.08,2360
72.09,2600
72.1,2546.7
72.11,2586.7
72.12,2533.3
72.13,2760
72.14,2506.7
72.15,2560
72.16,2560
72.17,2573.3
72.18,2466.7
72.19,2720
72.2,2533.3
72.21,2146.7
72.22,2413.3
72.23,2706.7
72.24,2640
72.25,2266.7
72.26,2360
72.27,2520
72.28,2453.3
72.29,2320
72.3,2440
72.31,2546.7
72.32,2573.3
72.33,2586.7
72.34,2440
72.35,2453.3
72.36,2560
72.37,2493.3
72.38,2346.7
72.39,2373.3
72.4,2400
72.41,2546.7
72.42,2693.3
72.43,2426.7
72.44,2253.3
72.45,2600
72.46,2546.7
72.47,2306.7
72.48,2400
72.49,2480
72.5,2373.3
72.51,2173.3
72.52,2480
72.53,2720
72.54,2573.3
72.55,2346.7
72.56,2293.3
72.57,2253.3
72.58,2480
72.59,2493.3
72.6,2653.3
72.61,2480
72.62,2613.3
72.63,2453.3
72.64,2560
72.65,2586.7
72.66,2813.3
72.67,2506.7
72.68,2520
72.69,2386.7
72.7,2266.7
72.71,2346.7
72.72,2453.3
72.73,2613.3
72.74,2586.7
72.75,2480
72.76,2600
72.77,2626.7
72.78,2306.7
72.79,2360
72.8,2453.3
72.81,2586.7
72.82,2520
72.83,2573.3
72.84,2426.7
72.85,2240
72.86,2266.7
72.87,2360
72.88,2333.3
72.89,2400
72.9,2400
72.91,2506.7
72.92,2560
72.93,2440
72.94,2653.3
72.95,2760
72.96,2613.3
72.97,2386.7
72.98,2333.3
72.99,2493.3
73,2466.7
73.01,2400
73.02,2226.7
73.03,2253.3
73.04,2573.3
73.05,2653.3
73.06,2666.7
73.07,2800
73.08,2573.3
73.09,2560
73.1,2653.3
73.11,2773.3
73.12,2613.3
73.13,2400
73.14,2613.3
73.15,2560
73.16,2413.3
73.17,2480
73.18,2453.3
73.19,2360
73.2,2613.3
73.21,2560
73.22,2760
73.23,2746.7
73.24,2666.7
73.25,2666.7
73.26,2546.7
73.27,2760
73.28,2520
73.29,2586.7
73.3,2533.3
73.31,2453.3
73.32,2600
73.33,2653.3
73.34,2653.3
73.35,2760
73.36,2893.3
73.37,2973.3
73.38,2720
73.39,2480
73.4,2546.7
73.41,2746.7
73.42,2573.3
73.43,2720
73.44,2680
73.45,2560
73.46,2746.7
73.47,2680
73.48,2746.7
73.49,2720
73.5,2773.3
73.51,2826.7
73.52,2760
73.53,2813.3
73.54,2773.3
73.55,2786.7
73.56,3146.7
73.57,3120
73.58,3040
73.59,3000
73.6,3226.7
73.61,3760
73.62,4000
73.63,3693.3
73.64,3960
73.65,4480
73.66,4840
73.67,4893.3
73.68,5573.3
73.69,6360
73.7,6573.3
73.71,6546.7
73.72,7613.3
73.73,8546.7
73.74,8693.3
73.75,9440
73.76,9706.7
73.77,10213
73.78,10440
73.79,9853.3
73.8,10253
73.81,10187
73.82,10133
73.83,10240
73.84,10440
73.85,10800
73.86,10240
73.87,9986.7
73.88,9893.3
73.89,9746.7
73.9,8866.7
73.91,8266.7
73.92,8613.3
73.93,8373.3
73.94,7800
73.95,7613.3
73.96,7666.7
73.97,7426.7
73.98,6693.3
73.99,6600
74,6866.7
74.01,6746.7
74.02,7000
74.03,6666.7
74.04,6560
74.05,6440
74.06,6573.3
74.07,6280
74.08,6000
74.09,5973.3
74.1,5613.3
74.11,5320
74.12,4840
74.13,4706.7
74.14,4266.7
74.15,4093.3
74.16,3680
74.17,3320
74.18,3400
74.19,3613.3
74.2,3213.3
74.21,3066.7
74.22,3080
74.23,2626.7
74.24,2906.7
74.25,2933.3
74.26,2866.7
74.27,2480
74.28,2573.3
74.29,2600
74.3,2880
74.31,2800
74.32,2586.7
74.33,2480
74.34,2453.3
74.35,2306.7
74.36,2480
74.37,2440
74.38,2360
74.39,2533.3
74.4,2440
74.41,2386.7
74.42,2640
74.43,2666.7
74.44,2520
74.45,2346.7
74.46,2386.7
74.47,2360
74.48,2426.7
74.49,2680
74.5,2413.3
74.51,2586.7
74.52,2320
74.53,2173.3
74.54,2453.3
74.55,2413.3
74.56,2240
74.57,2533.3
74.58,2706.7
74.59,2333.3
74.6,2546.7
74.61,2666.7
74.62,2480
74.63,2493.3
74.64,2520
74.65,2346.7
74.66,2173.3
74.67,2133.3
74.68,2320
74.69,2440
74.7,2373.3
74.71,2266.7
74.72,2693.3
74.73,2480
74.74,2346.7
74.75,2093.3
74.76,2320
74.77,2453.3
74.78,2306.7
74.79,2160
74.8,2200
74.81,2386.7
74.82,2466.7
74.83,2253.3
74.84,2266.7
74.85,2400
74.86,2306.7
74.87,2480
74.88,2360
74.89,2346.7
74.9,2293.3
74.91,2333.3
74.92,2346.7
74.93,2320
74.94,2480
74.95,2360
74.96,2306.7
74.97,2320
74.98,2293.3
74.99,2026.7
75,2213.3
75.01,2360
75.02,2240
75.03,2386.7
75.04,2293.3
75.05,2280
75.06,2280
75.07,2373.3
75.08,2440
75.09,2266.7
75.1,2266.7
75.11,2213.3
75.12,2133.3
75.13,2133.3
75.14,2240
75.15,2240
75.16,2346.7
75.17,2053.3
75.18,2266.7
75.19,2266.7
75.2,2386.7
75.21,2386.7
75.22,2240
75.23,2213.3
75.24,2293.3
75.25,2120
75.26,2106.7
75.27,2293.3
75.28,2400
75.29,2400
75.3,2240
75.31,2213.3
75.32,2453.3
75.33,2240
75.34,2266.7
75.35,2306.7
75.36,2200
75.37,2213.3
75.38,2186.7
75.39,2106.7
75.4,2160
75.41,2240
75.42,2186.7
75.43,2026.7
75.44,2120
75.45,2293.3
75.46,2133.3
75.47,2053.3
75.48,2200
75.49,2373.3
75.5,2320
75.51,2240
75.52,2453.3
75.53,2320
75.54,2400
75.55,2546.7
75.56,2386.7
75.57,2480
75.58,2160
75.59,2306.7
75.6,2213.3
75.61,2080
75.62,2053.3
75.63,2240
75.64,2320
75.65,2133.3
75.66,2213.3
75.67,2106.7
75.68,2160
75.69,2240
75.7,2106.7
75.71,2240
75.72,2493.3
75.73,2306.7
75.74,2306.7
75.75,2253.3
75.76,2253.3
75.77,2200
75.78,2266.7
75.79,1960
75.8,2226.7
75.81,2360
75.82,2213.3
75.83,1960
75.84,1973.3
75.85,2240
75.86,2146.7
75.87,2266.7
75.88,2386.7
75.89,2293.3
75.9,2066.7
75.91,1960
75.92,2093.3
75.93,2200
75.94,2120
75.95,1960
75.96,2093.3
75.97,2360
75.98,2106.7
75.99,2026.7
76,1986.7
76.01,2186.7
76.02,2133.3
76.03,2080
76.04,2173.3
76.05,2066.7
76.06,2080
76.07,2053.3
76.08,2120
76.09,2200
76.1,2306.7
76.11,2173.3
76.12,2173.3
76.13,2106.7
76.14,2160
76.15,2426.7
76.16,2280
76.17,2146.7
76.18,1986.7
76.19,2040
76.2,2160
76.21,2280
76.22,2040
76.23,2106.7
76.24,2080
76.25,2026.7
76.26,2280
76.27,2373.3
76.28,2106.7
76.29,2120
76.3,2160
76.31,2253.3
76.32,2320
76.33,2320
76.34,2200
76.35,2080
76.36,2373.3
76.37,2213.3
76.38,2093.3
76.39,2040
76.4,2293.3
76.41,2200
76.42,2426.7
76.43,2240
76.44,2026.7
76.45,2066.7
76.46,2040
76.47,2026.7
76.48,2013.3
76.49,2186.7
76.5,2226.7
76.51,2066.7
76.52,2106.7
76.53,1960
76.54,2026.7
76.55,2173.3
76.56,2200
76.57,2120
76.58,2200
76.59,2000
76.6,2080
76.61,2066.7
76.62,2253.3
76.63,2280
76.64,2120
76.65,1986.7
76.66,1986.7
76.67,2213.3
76.68,2293.3
76.69,2053.3
76.7,1960
76.71,2213.3
76.72,2000
76.73,2013.3
76.74,2253.3
76.75,2333.3
76.76,2106.7
76.77,2133.3
76.78,2280
76.79,2200
76.8,2040
76.81,2146.7
76.82,2400
76.83,2346.7
76.84,2266.7
76.85,2346.7
76.86,2200
76.87,2066.7
76.88,2013.3
76.89,2240
76.9,2093.3
76.91,2226.7
76.92,2360
76.93,2346.7
76.94,2360
76.95,2413.3
76.96,2240
76.97,2053.3
76.98,2093.3
76.99,2120
77,2080
77.01,2253.3
77.02,2093.3
77.03,2186.7
77.04,2253.3
77.05,2146.7
77.06,2106.7
77.07,2133.3
77.08,1946.7
77.09,1973.3
77.1,2093.3
77.11,2080
77.12,2120
77.13,2200
77.14,2200
77.15,2160
77.16,2120
77.17,2040
77.18,1880
77.19,2026.7
77.2,2160
77.21,2226.7
77.22,2173.3
77.23,1960
77.24,2026.7
77.25,2200
77.26,2066.7
77.27,2040
77.28,2160
77.29,2280
77.3,2160
77.31,2333.3
77.32,2293.3
77.33,2000
77.34,2066.7
77.35,2320
77.36,2173.3
77.37,1813.3
77.38,1946.7
77.39,2133.3
77.4,2186.7
77.41,2293.3
77.42,2120
77.43,1973.3
77.44,2040
77.45,2120
77.46,2133.3
77.47,1906.7
77.48,1880
77.49,1853.3
77.5,2066.7
77.51,2093.3
77.52,2106.7
77.53,2133.3
77.54,2080
77.55,2080
77.56,1960
77.57,1960
77.58,1813.3
77.59,1840
77.6,2093.3
77.61,2093.3
77.62,2146.7
77.63,1906.7
77.64,2013.3
77.65,1826.7
77.66,2013.3
77.67,2173.3
77.68,2146.7
77.69,2373.3
77.7,2320
77.71,2280
77.72,2026.7
77.73,2253.3
77.74,2253.3
77.75,2120
77.76,2080
77.77,2026.7
77.78,2080
77.79,2040
77.8,1906.7
77.81,1920
77.82,2146.7
77.83,1986.7
77.84,1946.7
77.85,1973.3
77.86,2093.3
77.87,2306.7
77.88,2146.7
77.89,2173.3
77.9,1946.7
77.91,1973.3
77.92,2066.7
77.93,1853.3
77.94,1906.7
77.95,1840
77.96,1933.3
77.97,2280
77.98,2360
77.99,2306.7
78,2066.7
78.01,2146.7
78.02,2120
78.03,2093.3
78.04,2040
78.05,2186.7
78.06,2106.7
78.07,1986.7
78.08,1906.7
78.09,1893.3
78.1,1960
78.11,1920
78.12,2000
78.13,2026.7
78.14,2053.3
78.15,2093.3
78.16,1920
78.17,2013.3
78.18,1946.7
78.19,1946.7
78.2,1986.7
78.21,2053.3
78.22,2013.3
78.23,1986.7
78.24,2173.3
78.25,2173.3
78.26,2133.3
78.27,2266.7
78.28,2160
78.29,2133.3
78.3,1946.7
78.31,1893.3
78.32,1960
78.33,2026.7
78.34,1933.3
78.35,1853.3
78.36,2160
78.37,2026.7
78.38,2280
78.39,2253.3
78.4,2253.3
78.41,2120
78.42,2053.3
78.43,2066.7
78.44,2266.7
78.45,2080
78.46,1880
78.47,1960
78.48,2133.3
78.49,1893.3
78.5,1906.7
78.51,2053.3
78.52,1906.7
78.53,1973.3
78.54,2173.3
78.55,2200
78.56,2133.3
78.57,1973.3
78.58,1893.3
78.59,1920
78.6,2186.7
78.61,2146.7
78.62,2146.7
78.63,2106.7
78.64,2026.7
78.65,1973.3
78.66,1986.7
78.67,2080
78.68,2146.7
78.69,2080
78.7,1893.3
78.71,1986.7
78.72,2213.3
78.73,2080
78.74,1920
78.75,1893.3
78.76,1973.3
78.77,2200
78.78,2186.7
78.79,2093.3
78.8,2093.3
78.81,2066.7
78.82,1973.3
78.83,1946.7
78.84,2093.3
78.85,2133.3
78.86,1986.7
78.87,1853.3
78.88,1933.3
78.89,2093.3
78.9,2026.7
78.91,1986.7
78.92,1973.3
78.93,1960
78.94,1986.7
78.95,1893.3
78.96,1746.7
78.97,1893.3
78.98,2013.3
78.99,2040
79,1960
79.01,2133.3
79.02,2213.3
79.03,2173.3
79.04,2146.7
79.05,2106.7
79.06,1960
79.07,1986.7
79.08,2173.3
79.09,2106.7
79.1,2186.7
79.11,2133.3
79.12,1986.7
79.13,2040
79.14,1920
79.15,2093.3
79.16,2053.3
79.17,1906.7
79.18,1813.3
79.19,1960
79.2,2053.3
79.21,1746.7
79.22,1866.7
79.23,2080
79.24,2146.7
79.25,1933.3
79.26,1933.3
79.27,2133.3
79.28,2093.3
79.29,1973.3
79.3,2080
79.31,2040
79.32,1893.3
79.33,1906.7
79.34,2293.3
79.35,2213.3
79.36,2093.3
79.37,2000
79.38,2013.3
79.39,2186.7
79.4,2013.3
79.41,2093.3
79.42,2080
79.43,2000
79.44,1973.3
79.45,1853.3
79.46,1880
79.47,1960
79.48,2013.3
79.49,1933.3
79.5,2053.3
79.51,2133.3
79.52,1933.3
79.53,1706.7
79.54,1826.7
79.55,1880
79.56,1960
79.57,2040
79.58,2053.3
79.59,2173.3
79.6,2293.3
79.61,2253.3
79.62,2093.3
79.63,2200
79.64,2026.7
79.65,2053.3
79.66,1866.7
79.67,2013.3
79.68,2133.3
79.69,1933.3
79.7,2066.7
79.71,2133.3
79.72,2000
79.73,1986.7
79.74,2026.7
79.75,1933.3
79.76,1933.3
79.77,1933.3
79.78,1933.3
79.79,1880
79.8,1813.3
79.81,1946.7
79.82,1893.3
79.83,1933.3
79.84,1960
79.85,1946.7
79.86,2066.7
79.87,1880
79.88,2080
79.89,2040
79.9,2080
79.91,2026.7
79.92,1893.3
79.93,1933.3
79.94,2093.3
79.95,2066.7
79.96,2253.3
79.97,1973.3
79.98,2053.3
79.99,2160
80,2120
